,id,file_name,time_series_frequency,location_type,dt,lat,lon,parameter1_name,parameter1_value,parameter2_name,parameter2_value,parameter3_name,parameter3_value,parameter4_name,parameter4_value,parameter5_name,parameter5_value,parameter6_name,parameter6_value,parameter7_name,parameter7_value,parameter8_name,parameter8_value
0,1,"era5_monthly_-23,5_-46,75_010191_300424",monthly,point,1991-01-31,-23.5,-46.75,prp,382.63,tmed,21.58,tmax,29.4,tmin,15.14,anom_prp,157.22,anom_tmed,-1.13,anom_tmax,-2.23,anom_tmin,-1.06
1,2,"era5_monthly_-23,5_-46,75_010191_300424",monthly,point,1991-02-28,-23.5,-46.75,prp,175.05,tmed,21.8,tmax,29.8,tmin,12.88,anom_prp,3.56,anom_tmed,-1.13,anom_tmax,-1.76,anom_tmin,-3.77
2,3,"era5_monthly_-23,5_-46,75_010191_300424",monthly,point,1991-03-31,-23.5,-46.75,prp,218.45,tmed,21.14,tmax,29.22,tmin,14.98,anom_prp,74.86,anom_tmed,-1.08,anom_tmax,-1.92,anom_tmin,-0.75
3,4,"era5_monthly_-23,5_-46,75_010191_300424",monthly,point,1991-04-30,-23.5,-46.75,prp,105.04,tmed,20.12,tmax,29.39,tmin,12.39,anom_prp,41.15,anom_tmed,-0.57,anom_tmax,-0.25,anom_tmin,-0.57
4,5,"era5_monthly_-23,5_-46,75_010191_300424",monthly,point,1991-05-31,-23.5,-46.75,prp,56.38,tmed,18.19,tmax,25.89,tmin,12.08,anom_prp,-5.02,anom_tmed,0.19,anom_tmax,-1.88,anom_tmin,2.22
5,6,"era5_monthly_-23,5_-46,75_010191_300424",monthly,point,1991-06-30,-23.5,-46.75,prp,91.51,tmed,17.54,tmax,27.37,tmin,10.12,anom_prp,44.3,anom_tmed,0.45,anom_tmax,0.78,anom_tmin,1.91
6,7,"era5_monthly_-23,5_-46,75_010191_300424",monthly,point,1991-07-31,-23.5,-46.75,prp,29.21,tmed,15.93,tmax,25.06,tmin,7.76,anom_prp,-20.4,anom_tmed,-0.81,anom_tmax,-2.26,anom_tmin,0.14
7,8,"era5_monthly_-23,5_-46,75_010191_300424",monthly,point,1991-08-31,-23.5,-46.75,prp,28.76,tmed,17.56,tmax,28.07,tmin,5.28,anom_prp,-11.6,anom_tmed,-0.18,anom_tmax,-1.9,anom_tmin,-3.18
8,9,"era5_monthly_-23,5_-46,75_010191_300424",monthly,point,1991-09-30,-23.5,-46.75,prp,93.63,tmed,17.61,tmax,30.53,tmin,10.22,anom_prp,6.73,anom_tmed,-1.48,anom_tmax,-1.73,anom_tmin,-0.05
9,10,"era5_monthly_-23,5_-46,75_010191_300424",monthly,point,1991-10-31,-23.5,-46.75,prp,142.29,tmed,19.9,tmax,31.87,tmin,11.8,anom_prp,20.78,anom_tmed,-0.48,anom_tmax,-0.51,anom_tmin,-0.37
10,11,"era5_monthly_-23,5_-46,75_010191_300424",monthly,point,1991-11-30,-23.5,-46.75,prp,111.99,tmed,21.22,tmax,30.53,tmin,14.22,anom_prp,-35.94,anom_tmed,0.41,anom_tmax,-0.88,anom_tmin,1.31
11,12,"era5_monthly_-23,5_-46,75_010191_300424",monthly,point,1991-12-31,-23.5,-46.75,prp,165.72,tmed,22.41,tmax,29.98,tmin,14.01,anom_prp,-7.26,anom_tmed,0.24,anom_tmax,-1.51,anom_tmin,-0.78
12,13,"era5_monthly_-23,5_-46,75_010191_300424",monthly,point,1992-01-31,-23.5,-46.75,prp,228.39,tmed,22.03,tmax,30.42,tmin,15.32,anom_prp,2.98,anom_tmed,-0.67,anom_tmax,-1.2,anom_tmin,-0.88
13,14,"era5_monthly_-23,5_-46,75_010191_300424",monthly,point,1992-02-29,-23.5,-46.75,prp,120.35,tmed,22.67,tmax,30.45,tmin,17.11,anom_prp,-51.14,anom_tmed,-0.27,anom_tmax,-1.12,anom_tmin,0.45
14,15,"era5_monthly_-23,5_-46,75_010191_300424",monthly,point,1992-03-31,-23.5,-46.75,prp,152.69,tmed,21.93,tmax,29.55,tmin,14.94,anom_prp,9.1,anom_tmed,-0.29,anom_tmax,-1.6,anom_tmin,-0.79
15,16,"era5_monthly_-23,5_-46,75_010191_300424",monthly,point,1992-04-30,-23.5,-46.75,prp,52.74,tmed,20.34,tmax,29.33,tmin,12.84,anom_prp,-11.15,anom_tmed,-0.36,anom_tmax,-0.31,anom_tmin,-0.11
16,17,"era5_monthly_-23,5_-46,75_010191_300424",monthly,point,1992-05-31,-23.5,-46.75,prp,137.95,tmed,19.15,tmax,26.82,tmin,12.24,anom_prp,76.55,anom_tmed,1.15,anom_tmax,-0.94,anom_tmin,2.38
17,18,"era5_monthly_-23,5_-46,75_010191_300424",monthly,point,1992-06-30,-23.5,-46.75,prp,9.76,tmed,18.36,tmax,27.53,tmin,8.49,anom_prp,-37.45,anom_tmed,1.27,anom_tmax,0.94,anom_tmin,0.29
18,19,"era5_monthly_-23,5_-46,75_010191_300424",monthly,point,1992-07-31,-23.5,-46.75,prp,117.46,tmed,15.94,tmax,26.43,tmin,7.97,anom_prp,67.86,anom_tmed,-0.8,anom_tmax,-0.89,anom_tmin,0.36
19,20,"era5_monthly_-23,5_-46,75_010191_300424",monthly,point,1992-08-31,-23.5,-46.75,prp,37.0,tmed,16.12,tmax,27.54,tmin,6.71,anom_prp,-3.36,anom_tmed,-1.61,anom_tmax,-2.42,anom_tmin,-1.75
20,21,"era5_monthly_-23,5_-46,75_010191_300424",monthly,point,1992-09-30,-23.5,-46.75,prp,108.66,tmed,17.53,tmax,28.14,tmin,11.99,anom_prp,21.76,anom_tmed,-1.57,anom_tmax,-4.11,anom_tmin,1.72
21,22,"era5_monthly_-23,5_-46,75_010191_300424",monthly,point,1992-10-31,-23.5,-46.75,prp,135.83,tmed,19.74,tmax,29.45,tmin,11.86,anom_prp,14.32,anom_tmed,-0.63,anom_tmax,-2.93,anom_tmin,-0.31
22,23,"era5_monthly_-23,5_-46,75_010191_300424",monthly,point,1992-11-30,-23.5,-46.75,prp,111.09,tmed,20.33,tmax,30.99,tmin,12.34,anom_prp,-36.83,anom_tmed,-0.49,anom_tmax,-0.42,anom_tmin,-0.57
23,24,"era5_monthly_-23,5_-46,75_010191_300424",monthly,point,1992-12-31,-23.5,-46.75,prp,169.49,tmed,21.11,tmax,30.79,tmin,13.11,anom_prp,-3.5,anom_tmed,-1.05,anom_tmax,-0.71,anom_tmin,-1.68
24,25,"era5_monthly_-23,5_-46,75_010191_300424",monthly,point,1993-01-31,-23.5,-46.75,prp,158.19,tmed,22.88,tmax,32.57,tmin,16.87,anom_prp,-67.22,anom_tmed,0.17,anom_tmax,0.94,anom_tmin,0.67
25,26,"era5_monthly_-23,5_-46,75_010191_300424",monthly,point,1993-02-28,-23.5,-46.75,prp,241.47,tmed,21.77,tmax,28.73,tmin,17.18,anom_prp,69.98,anom_tmed,-1.17,anom_tmax,-2.83,anom_tmin,0.52
26,27,"era5_monthly_-23,5_-46,75_010191_300424",monthly,point,1993-03-31,-23.5,-46.75,prp,166.64,tmed,22.36,tmax,30.93,tmin,16.43,anom_prp,23.05,anom_tmed,0.14,anom_tmax,-0.21,anom_tmin,0.7
27,28,"era5_monthly_-23,5_-46,75_010191_300424",monthly,point,1993-04-30,-23.5,-46.75,prp,83.64,tmed,21.2,tmax,29.45,tmin,14.43,anom_prp,19.75,anom_tmed,0.5,anom_tmax,-0.19,anom_tmin,1.48
28,29,"era5_monthly_-23,5_-46,75_010191_300424",monthly,point,1993-05-31,-23.5,-46.75,prp,79.03,tmed,18.08,tmax,26.74,tmin,10.46,anom_prp,17.63,anom_tmed,0.07,anom_tmax,-1.03,anom_tmin,0.6
29,30,"era5_monthly_-23,5_-46,75_010191_300424",monthly,point,1993-06-30,-23.5,-46.75,prp,61.81,tmed,16.22,tmax,24.13,tmin,9.07,anom_prp,14.6,anom_tmed,-0.88,anom_tmax,-2.46,anom_tmin,0.87
30,31,"era5_monthly_-23,5_-46,75_010191_300424",monthly,point,1993-07-31,-23.5,-46.75,prp,37.19,tmed,17.22,tmax,27.62,tmin,8.88,anom_prp,-12.41,anom_tmed,0.48,anom_tmax,0.3,anom_tmin,1.26
31,32,"era5_monthly_-23,5_-46,75_010191_300424",monthly,point,1993-08-31,-23.5,-46.75,prp,39.02,tmed,15.95,tmax,30.61,tmin,4.71,anom_prp,-1.34,anom_tmed,-1.78,anom_tmax,0.64,anom_tmin,-3.75
32,33,"era5_monthly_-23,5_-46,75_010191_300424",monthly,point,1993-09-30,-23.5,-46.75,prp,196.29,tmed,17.7,tmax,30.96,tmin,9.55,anom_prp,109.39,anom_tmed,-1.39,anom_tmax,-1.3,anom_tmin,-0.71
33,34,"era5_monthly_-23,5_-46,75_010191_300424",monthly,point,1993-10-31,-23.5,-46.75,prp,83.16,tmed,20.85,tmax,30.95,tmin,9.19,anom_prp,-38.35,anom_tmed,0.47,anom_tmax,-1.43,anom_tmin,-2.98
34,35,"era5_monthly_-23,5_-46,75_010191_300424",monthly,point,1993-11-30,-23.5,-46.75,prp,104.19,tmed,22.72,tmax,32.16,tmin,14.78,anom_prp,-43.74,anom_tmed,1.9,anom_tmax,0.75,anom_tmin,1.87
35,36,"era5_monthly_-23,5_-46,75_010191_300424",monthly,point,1993-12-31,-23.5,-46.75,prp,125.93,tmed,22.1,tmax,30.84,tmin,14.16,anom_prp,-47.06,anom_tmed,-0.07,anom_tmax,-0.66,anom_tmin,-0.63
36,37,"era5_monthly_-23,5_-46,75_010191_300424",monthly,point,1994-01-31,-23.5,-46.75,prp,169.53,tmed,21.9,tmax,30.91,tmin,16.29,anom_prp,-55.88,anom_tmed,-0.81,anom_tmax,-0.72,anom_tmin,0.09
37,38,"era5_monthly_-23,5_-46,75_010191_300424",monthly,point,1994-02-28,-23.5,-46.75,prp,164.7,tmed,24.44,tmax,32.14,tmin,19.16,anom_prp,-6.79,anom_tmed,1.51,anom_tmax,0.57,anom_tmin,2.51
38,39,"era5_monthly_-23,5_-46,75_010191_300424",monthly,point,1994-03-31,-23.5,-46.75,prp,149.83,tmed,21.44,tmax,29.5,tmin,15.15,anom_prp,6.24,anom_tmed,-0.78,anom_tmax,-1.64,anom_tmin,-0.58
39,40,"era5_monthly_-23,5_-46,75_010191_300424",monthly,point,1994-04-30,-23.5,-46.75,prp,97.27,tmed,20.33,tmax,28.74,tmin,13.8,anom_prp,33.38,anom_tmed,-0.36,anom_tmax,-0.9,anom_tmin,0.85
40,41,"era5_monthly_-23,5_-46,75_010191_300424",monthly,point,1994-05-31,-23.5,-46.75,prp,103.35,tmed,19.41,tmax,26.96,tmin,10.88,anom_prp,41.95,anom_tmed,1.4,anom_tmax,-0.81,anom_tmin,1.03
41,42,"era5_monthly_-23,5_-46,75_010191_300424",monthly,point,1994-06-30,-23.5,-46.75,prp,68.42,tmed,16.13,tmax,25.8,tmin,2.75,anom_prp,21.21,anom_tmed,-0.96,anom_tmax,-0.79,anom_tmin,-5.45
42,43,"era5_monthly_-23,5_-46,75_010191_300424",monthly,point,1994-07-31,-23.5,-46.75,prp,63.57,tmed,16.88,tmax,27.43,tmin,3.56,anom_prp,13.96,anom_tmed,0.14,anom_tmax,0.11,anom_tmin,-4.06
43,44,"era5_monthly_-23,5_-46,75_010191_300424",monthly,point,1994-08-31,-23.5,-46.75,prp,8.82,tmed,16.85,tmax,29.23,tmin,6.84,anom_prp,-31.54,anom_tmed,-0.88,anom_tmax,-0.73,anom_tmin,-1.62
44,45,"era5_monthly_-23,5_-46,75_010191_300424",monthly,point,1994-09-30,-23.5,-46.75,prp,20.08,tmed,19.91,tmax,33.52,tmin,10.85,anom_prp,-66.82,anom_tmed,0.81,anom_tmax,1.27,anom_tmin,0.58
45,46,"era5_monthly_-23,5_-46,75_010191_300424",monthly,point,1994-10-31,-23.5,-46.75,prp,129.17,tmed,21.45,tmax,33.33,tmin,13.78,anom_prp,7.65,anom_tmed,1.08,anom_tmax,0.95,anom_tmin,1.61
46,47,"era5_monthly_-23,5_-46,75_010191_300424",monthly,point,1994-11-30,-23.5,-46.75,prp,139.12,tmed,21.68,tmax,32.32,tmin,12.68,anom_prp,-8.81,anom_tmed,0.86,anom_tmax,0.91,anom_tmin,-0.22
47,48,"era5_monthly_-23,5_-46,75_010191_300424",monthly,point,1994-12-31,-23.5,-46.75,prp,236.8,tmed,23.1,tmax,31.44,tmin,16.2,anom_prp,63.82,anom_tmed,0.93,anom_tmax,-0.06,anom_tmin,1.41
48,49,"era5_monthly_-23,5_-46,75_010191_300424",monthly,point,1995-01-31,-23.5,-46.75,prp,256.86,tmed,23.57,tmax,31.81,tmin,17.62,anom_prp,31.45,anom_tmed,0.86,anom_tmax,0.18,anom_tmin,1.41
49,50,"era5_monthly_-23,5_-46,75_010191_300424",monthly,point,1995-02-28,-23.5,-46.75,prp,408.32,tmed,22.43,tmax,32.59,tmin,17.53,anom_prp,236.82,anom_tmed,-0.5,anom_tmax,1.03,anom_tmin,0.88
50,51,"era5_monthly_-23,5_-46,75_010191_300424",monthly,point,1995-03-31,-23.5,-46.75,prp,168.3,tmed,21.65,tmax,31.91,tmin,13.76,anom_prp,24.71,anom_tmed,-0.57,anom_tmax,0.77,anom_tmin,-1.97
51,52,"era5_monthly_-23,5_-46,75_010191_300424",monthly,point,1995-04-30,-23.5,-46.75,prp,60.48,tmed,20.0,tmax,28.71,tmin,11.95,anom_prp,-3.41,anom_tmed,-0.69,anom_tmax,-0.93,anom_tmin,-1.0
52,53,"era5_monthly_-23,5_-46,75_010191_300424",monthly,point,1995-05-31,-23.5,-46.75,prp,96.93,tmed,17.82,tmax,29.36,tmin,9.74,anom_prp,35.54,anom_tmed,-0.18,anom_tmax,1.59,anom_tmin,-0.11
53,54,"era5_monthly_-23,5_-46,75_010191_300424",monthly,point,1995-06-30,-23.5,-46.75,prp,33.2,tmed,16.83,tmax,27.18,tmin,8.73,anom_prp,-14.01,anom_tmed,-0.26,anom_tmax,0.59,anom_tmin,0.53
54,55,"era5_monthly_-23,5_-46,75_010191_300424",monthly,point,1995-07-31,-23.5,-46.75,prp,91.46,tmed,17.94,tmax,27.41,tmin,10.84,anom_prp,41.85,anom_tmed,1.2,anom_tmax,0.09,anom_tmin,3.22
55,56,"era5_monthly_-23,5_-46,75_010191_300424",monthly,point,1995-08-31,-23.5,-46.75,prp,37.51,tmed,19.23,tmax,30.77,tmin,10.47,anom_prp,-2.85,anom_tmed,1.5,anom_tmax,0.81,anom_tmin,2.01
56,57,"era5_monthly_-23,5_-46,75_010191_300424",monthly,point,1995-09-30,-23.5,-46.75,prp,90.25,tmed,18.68,tmax,32.4,tmin,9.84,anom_prp,3.35,anom_tmed,-0.42,anom_tmax,0.14,anom_tmin,-0.43
57,58,"era5_monthly_-23,5_-46,75_010191_300424",monthly,point,1995-10-31,-23.5,-46.75,prp,232.96,tmed,18.67,tmax,29.69,tmin,11.05,anom_prp,111.45,anom_tmed,-1.7,anom_tmax,-2.69,anom_tmin,-1.12
58,59,"era5_monthly_-23,5_-46,75_010191_300424",monthly,point,1995-11-30,-23.5,-46.75,prp,109.14,tmed,20.28,tmax,32.07,tmin,11.79,anom_prp,-38.78,anom_tmed,-0.54,anom_tmax,0.65,anom_tmin,-1.11
59,60,"era5_monthly_-23,5_-46,75_010191_300424",monthly,point,1995-12-31,-23.5,-46.75,prp,134.15,tmed,21.49,tmax,30.9,tmin,12.01,anom_prp,-38.83,anom_tmed,-0.68,anom_tmax,-0.59,anom_tmin,-2.78
60,61,"era5_monthly_-23,5_-46,75_010191_300424",monthly,point,1996-01-31,-23.5,-46.75,prp,232.67,tmed,23.26,tmax,32.54,tmin,15.8,anom_prp,7.26,anom_tmed,0.56,anom_tmax,0.91,anom_tmin,-0.4
61,62,"era5_monthly_-23,5_-46,75_010191_300424",monthly,point,1996-02-29,-23.5,-46.75,prp,202.64,tmed,22.87,tmax,30.96,tmin,16.14,anom_prp,31.15,anom_tmed,-0.07,anom_tmax,-0.61,anom_tmin,-0.52
62,63,"era5_monthly_-23,5_-46,75_010191_300424",monthly,point,1996-03-31,-23.5,-46.75,prp,233.75,tmed,21.96,tmax,30.56,tmin,15.08,anom_prp,90.16,anom_tmed,-0.27,anom_tmax,-0.58,anom_tmin,-0.65
63,64,"era5_monthly_-23,5_-46,75_010191_300424",monthly,point,1996-04-30,-23.5,-46.75,prp,60.92,tmed,20.7,tmax,31.64,tmin,11.33,anom_prp,-2.97,anom_tmed,0.0,anom_tmax,2.0,anom_tmin,-1.62
64,65,"era5_monthly_-23,5_-46,75_010191_300424",monthly,point,1996-05-31,-23.5,-46.75,prp,67.09,tmed,17.26,tmax,26.54,tmin,10.38,anom_prp,5.69,anom_tmed,-0.74,anom_tmax,-1.22,anom_tmin,0.52
65,66,"era5_monthly_-23,5_-46,75_010191_300424",monthly,point,1996-06-30,-23.5,-46.75,prp,44.5,tmed,15.87,tmax,25.53,tmin,7.69,anom_prp,-2.71,anom_tmed,-1.22,anom_tmax,-1.06,anom_tmin,-0.52
66,67,"era5_monthly_-23,5_-46,75_010191_300424",monthly,point,1996-07-31,-23.5,-46.75,prp,24.39,tmed,14.74,tmax,25.46,tmin,6.44,anom_prp,-25.21,anom_tmed,-2.0,anom_tmax,-1.86,anom_tmin,-1.18
67,68,"era5_monthly_-23,5_-46,75_010191_300424",monthly,point,1996-08-31,-23.5,-46.75,prp,30.65,tmed,16.73,tmax,30.18,tmin,5.53,anom_prp,-9.71,anom_tmed,-1.0,anom_tmax,0.22,anom_tmin,-2.93
68,69,"era5_monthly_-23,5_-46,75_010191_300424",monthly,point,1996-09-30,-23.5,-46.75,prp,168.25,tmed,17.81,tmax,28.92,tmin,9.89,anom_prp,81.35,anom_tmed,-1.29,anom_tmax,-3.33,anom_tmin,-0.38
69,70,"era5_monthly_-23,5_-46,75_010191_300424",monthly,point,1996-10-31,-23.5,-46.75,prp,139.01,tmed,19.87,tmax,29.19,tmin,11.6,anom_prp,17.5,anom_tmed,-0.51,anom_tmax,-3.19,anom_tmin,-0.57
70,71,"era5_monthly_-23,5_-46,75_010191_300424",monthly,point,1996-11-30,-23.5,-46.75,prp,171.36,tmed,20.27,tmax,29.45,tmin,11.34,anom_prp,23.44,anom_tmed,-0.55,anom_tmax,-1.96,anom_tmin,-1.56
71,72,"era5_monthly_-23,5_-46,75_010191_300424",monthly,point,1996-12-31,-23.5,-46.75,prp,219.93,tmed,22.11,tmax,29.3,tmin,14.65,anom_prp,46.95,anom_tmed,-0.06,anom_tmax,-2.19,anom_tmin,-0.14
72,73,"era5_monthly_-23,5_-46,75_010191_300424",monthly,point,1997-01-31,-23.5,-46.75,prp,286.24,tmed,22.42,tmax,30.36,tmin,16.31,anom_prp,60.83,anom_tmed,-0.29,anom_tmax,-1.26,anom_tmin,0.1
73,74,"era5_monthly_-23,5_-46,75_010191_300424",monthly,point,1997-02-28,-23.5,-46.75,prp,111.94,tmed,23.02,tmax,31.33,tmin,16.75,anom_prp,-59.55,anom_tmed,0.08,anom_tmax,-0.23,anom_tmin,0.09
74,75,"era5_monthly_-23,5_-46,75_010191_300424",monthly,point,1997-03-31,-23.5,-46.75,prp,72.8,tmed,21.1,tmax,30.56,tmin,13.35,anom_prp,-70.79,anom_tmed,-1.12,anom_tmax,-0.58,anom_tmin,-2.38
75,76,"era5_monthly_-23,5_-46,75_010191_300424",monthly,point,1997-04-30,-23.5,-46.75,prp,63.07,tmed,19.93,tmax,28.4,tmin,11.73,anom_prp,-0.82,anom_tmed,-0.77,anom_tmax,-1.24,anom_tmin,-1.23
76,77,"era5_monthly_-23,5_-46,75_010191_300424",monthly,point,1997-05-31,-23.5,-46.75,prp,68.92,tmed,17.73,tmax,28.81,tmin,10.56,anom_prp,7.53,anom_tmed,-0.27,anom_tmax,1.05,anom_tmin,0.7
77,78,"era5_monthly_-23,5_-46,75_010191_300424",monthly,point,1997-06-30,-23.5,-46.75,prp,120.52,tmed,16.28,tmax,27.53,tmin,5.79,anom_prp,73.31,anom_tmed,-0.81,anom_tmax,0.94,anom_tmin,-2.41
78,79,"era5_monthly_-23,5_-46,75_010191_300424",monthly,point,1997-07-31,-23.5,-46.75,prp,13.36,tmed,17.28,tmax,27.28,tmin,10.0,anom_prp,-36.24,anom_tmed,0.54,anom_tmax,-0.04,anom_tmin,2.38
79,80,"era5_monthly_-23,5_-46,75_010191_300424",monthly,point,1997-08-31,-23.5,-46.75,prp,34.78,tmed,18.12,tmax,29.95,tmin,7.19,anom_prp,-5.58,anom_tmed,0.39,anom_tmax,-0.02,anom_tmin,-1.28
80,81,"era5_monthly_-23,5_-46,75_010191_300424",monthly,point,1997-09-30,-23.5,-46.75,prp,124.37,tmed,19.65,tmax,33.62,tmin,11.75,anom_prp,37.47,anom_tmed,0.56,anom_tmax,1.36,anom_tmin,1.49
81,82,"era5_monthly_-23,5_-46,75_010191_300424",monthly,point,1997-10-31,-23.5,-46.75,prp,218.76,tmed,20.22,tmax,32.71,tmin,11.65,anom_prp,97.25,anom_tmed,-0.16,anom_tmax,0.33,anom_tmin,-0.52
82,83,"era5_monthly_-23,5_-46,75_010191_300424",monthly,point,1997-11-30,-23.5,-46.75,prp,243.09,tmed,21.82,tmax,33.0,tmin,14.84,anom_prp,95.16,anom_tmed,1.01,anom_tmax,1.59,anom_tmin,1.93
83,84,"era5_monthly_-23,5_-46,75_010191_300424",monthly,point,1997-12-31,-23.5,-46.75,prp,159.68,tmed,22.88,tmax,31.98,tmin,15.47,anom_prp,-13.31,anom_tmed,0.72,anom_tmax,0.49,anom_tmin,0.68
84,85,"era5_monthly_-23,5_-46,75_010191_300424",monthly,point,1998-01-31,-23.5,-46.75,prp,152.06,tmed,23.56,tmax,31.92,tmin,15.38,anom_prp,-73.35,anom_tmed,0.85,anom_tmax,0.29,anom_tmin,-0.83
85,86,"era5_monthly_-23,5_-46,75_010191_300424",monthly,point,1998-02-28,-23.5,-46.75,prp,226.04,tmed,23.32,tmax,32.07,tmin,16.44,anom_prp,54.55,anom_tmed,0.38,anom_tmax,0.51,anom_tmin,-0.21
86,87,"era5_monthly_-23,5_-46,75_010191_300424",monthly,point,1998-03-31,-23.5,-46.75,prp,145.72,tmed,22.63,tmax,31.58,tmin,15.22,anom_prp,2.14,anom_tmed,0.41,anom_tmax,0.44,anom_tmin,-0.51
87,88,"era5_monthly_-23,5_-46,75_010191_300424",monthly,point,1998-04-30,-23.5,-46.75,prp,71.31,tmed,20.99,tmax,30.23,tmin,13.41,anom_prp,7.42,anom_tmed,0.29,anom_tmax,0.58,anom_tmin,0.46
88,89,"era5_monthly_-23,5_-46,75_010191_300424",monthly,point,1998-05-31,-23.5,-46.75,prp,122.81,tmed,17.2,tmax,25.66,tmin,9.87,anom_prp,61.42,anom_tmed,-0.81,anom_tmax,-2.1,anom_tmin,0.02
89,90,"era5_monthly_-23,5_-46,75_010191_300424",monthly,point,1998-06-30,-23.5,-46.75,prp,35.94,tmed,15.65,tmax,24.28,tmin,8.51,anom_prp,-11.27,anom_tmed,-1.44,anom_tmax,-2.31,anom_tmin,0.3
90,91,"era5_monthly_-23,5_-46,75_010191_300424",monthly,point,1998-07-31,-23.5,-46.75,prp,21.49,tmed,16.63,tmax,26.85,tmin,8.56,anom_prp,-28.11,anom_tmed,-0.11,anom_tmax,-0.48,anom_tmin,0.94
91,92,"era5_monthly_-23,5_-46,75_010191_300424",monthly,point,1998-08-31,-23.5,-46.75,prp,39.45,tmed,19.09,tmax,29.86,tmin,11.75,anom_prp,-0.91,anom_tmed,1.35,anom_tmax,-0.1,anom_tmin,3.29
92,93,"era5_monthly_-23,5_-46,75_010191_300424",monthly,point,1998-09-30,-23.5,-46.75,prp,152.18,tmed,19.01,tmax,30.37,tmin,11.41,anom_prp,65.28,anom_tmed,-0.08,anom_tmax,-1.89,anom_tmin,1.14
93,94,"era5_monthly_-23,5_-46,75_010191_300424",monthly,point,1998-10-31,-23.5,-46.75,prp,136.56,tmed,19.0,tmax,29.34,tmin,12.46,anom_prp,15.05,anom_tmed,-1.37,anom_tmax,-3.04,anom_tmin,0.29
94,95,"era5_monthly_-23,5_-46,75_010191_300424",monthly,point,1998-11-30,-23.5,-46.75,prp,86.62,tmed,19.64,tmax,29.29,tmin,13.1,anom_prp,-61.3,anom_tmed,-1.18,anom_tmax,-2.12,anom_tmin,0.19
95,96,"era5_monthly_-23,5_-46,75_010191_300424",monthly,point,1998-12-31,-23.5,-46.75,prp,203.05,tmed,22.04,tmax,31.17,tmin,15.1,anom_prp,30.07,anom_tmed,-0.12,anom_tmax,-0.32,anom_tmin,0.31
96,97,"era5_monthly_-23,5_-46,75_010191_300424",monthly,point,1999-01-31,-23.5,-46.75,prp,377.75,tmed,22.84,tmax,31.99,tmin,17.19,anom_prp,152.34,anom_tmed,0.13,anom_tmax,0.36,anom_tmin,0.98
97,98,"era5_monthly_-23,5_-46,75_010191_300424",monthly,point,1999-02-28,-23.5,-46.75,prp,279.54,tmed,22.78,tmax,29.79,tmin,17.38,anom_prp,108.05,anom_tmed,-0.15,anom_tmax,-1.78,anom_tmin,0.73
98,99,"era5_monthly_-23,5_-46,75_010191_300424",monthly,point,1999-03-31,-23.5,-46.75,prp,133.7,tmed,22.42,tmax,30.85,tmin,15.68,anom_prp,-9.89,anom_tmed,0.2,anom_tmax,-0.29,anom_tmin,-0.05
99,100,"era5_monthly_-23,5_-46,75_010191_300424",monthly,point,1999-04-30,-23.5,-46.75,prp,53.92,tmed,19.9,tmax,28.66,tmin,7.67,anom_prp,-9.97,anom_tmed,-0.79,anom_tmax,-0.98,anom_tmin,-5.28
100,101,"era5_monthly_-23,5_-46,75_010191_300424",monthly,point,1999-05-31,-23.5,-46.75,prp,25.65,tmed,17.06,tmax,27.25,tmin,8.57,anom_prp,-35.74,anom_tmed,-0.95,anom_tmax,-0.52,anom_tmin,-1.29
101,102,"era5_monthly_-23,5_-46,75_010191_300424",monthly,point,1999-06-30,-23.5,-46.75,prp,65.69,tmed,16.19,tmax,25.62,tmin,8.69,anom_prp,18.48,anom_tmed,-0.9,anom_tmax,-0.97,anom_tmin,0.48
102,103,"era5_monthly_-23,5_-46,75_010191_300424",monthly,point,1999-07-31,-23.5,-46.75,prp,30.55,tmed,16.75,tmax,26.07,tmin,9.94,anom_prp,-19.06,anom_tmed,0.01,anom_tmax,-1.25,anom_tmin,2.32
103,104,"era5_monthly_-23,5_-46,75_010191_300424",monthly,point,1999-08-31,-23.5,-46.75,prp,10.47,tmed,17.35,tmax,31.22,tmin,6.4,anom_prp,-29.88,anom_tmed,-0.38,anom_tmax,1.25,anom_tmin,-2.07
104,105,"era5_monthly_-23,5_-46,75_010191_300424",monthly,point,1999-09-30,-23.5,-46.75,prp,98.85,tmed,19.02,tmax,33.21,tmin,8.79,anom_prp,11.94,anom_tmed,-0.07,anom_tmax,0.95,anom_tmin,-1.48
105,106,"era5_monthly_-23,5_-46,75_010191_300424",monthly,point,1999-10-31,-23.5,-46.75,prp,87.28,tmed,18.12,tmax,32.45,tmin,10.78,anom_prp,-34.24,anom_tmed,-2.26,anom_tmax,0.08,anom_tmin,-1.39
106,107,"era5_monthly_-23,5_-46,75_010191_300424",monthly,point,1999-11-30,-23.5,-46.75,prp,114.64,tmed,18.76,tmax,29.93,tmin,10.91,anom_prp,-33.28,anom_tmed,-2.05,anom_tmax,-1.48,anom_tmin,-2.0
107,108,"era5_monthly_-23,5_-46,75_010191_300424",monthly,point,1999-12-31,-23.5,-46.75,prp,189.47,tmed,21.85,tmax,30.82,tmin,15.75,anom_prp,16.48,anom_tmed,-0.31,anom_tmax,-0.67,anom_tmin,0.96
108,109,"era5_monthly_-23,5_-46,75_010191_300424",monthly,point,2000-01-31,-23.5,-46.75,prp,238.76,tmed,22.28,tmax,31.57,tmin,13.3,anom_prp,13.35,anom_tmed,-0.42,anom_tmax,-0.06,anom_tmin,-2.9
109,110,"era5_monthly_-23,5_-46,75_010191_300424",monthly,point,2000-02-29,-23.5,-46.75,prp,210.65,tmed,21.82,tmax,29.95,tmin,13.61,anom_prp,39.16,anom_tmed,-1.12,anom_tmax,-1.61,anom_tmin,-3.04
110,111,"era5_monthly_-23,5_-46,75_010191_300424",monthly,point,2000-03-31,-23.5,-46.75,prp,193.73,tmed,21.22,tmax,30.18,tmin,13.63,anom_prp,50.14,anom_tmed,-1.0,anom_tmax,-0.97,anom_tmin,-2.1
111,112,"era5_monthly_-23,5_-46,75_010191_300424",monthly,point,2000-04-30,-23.5,-46.75,prp,14.15,tmed,20.35,tmax,29.0,tmin,12.79,anom_prp,-49.74,anom_tmed,-0.35,anom_tmax,-0.64,anom_tmin,-0.16
112,113,"era5_monthly_-23,5_-46,75_010191_300424",monthly,point,2000-05-31,-23.5,-46.75,prp,19.13,tmed,17.8,tmax,28.4,tmin,7.63,anom_prp,-42.26,anom_tmed,-0.21,anom_tmax,0.63,anom_tmin,-2.23
113,114,"era5_monthly_-23,5_-46,75_010191_300424",monthly,point,2000-06-30,-23.5,-46.75,prp,16.38,tmed,18.02,tmax,28.01,tmin,8.17,anom_prp,-30.83,anom_tmed,0.92,anom_tmax,1.42,anom_tmin,-0.03
114,115,"era5_monthly_-23,5_-46,75_010191_300424",monthly,point,2000-07-31,-23.5,-46.75,prp,60.21,tmed,14.86,tmax,27.39,tmin,3.16,anom_prp,10.6,anom_tmed,-1.88,anom_tmax,0.07,anom_tmin,-4.46
115,116,"era5_monthly_-23,5_-46,75_010191_300424",monthly,point,2000-08-31,-23.5,-46.75,prp,92.6,tmed,16.63,tmax,30.11,tmin,6.42,anom_prp,52.24,anom_tmed,-1.1,anom_tmax,0.14,anom_tmin,-2.04
116,117,"era5_monthly_-23,5_-46,75_010191_300424",monthly,point,2000-09-30,-23.5,-46.75,prp,103.58,tmed,17.94,tmax,29.43,tmin,10.36,anom_prp,16.68,anom_tmed,-1.15,anom_tmax,-2.82,anom_tmin,0.09
117,118,"era5_monthly_-23,5_-46,75_010191_300424",monthly,point,2000-10-31,-23.5,-46.75,prp,64.62,tmed,21.96,tmax,33.21,tmin,14.13,anom_prp,-56.89,anom_tmed,1.58,anom_tmax,0.83,anom_tmin,1.96
118,119,"era5_monthly_-23,5_-46,75_010191_300424",monthly,point,2000-11-30,-23.5,-46.75,prp,276.07,tmed,20.8,tmax,30.81,tmin,14.71,anom_prp,128.15,anom_tmed,-0.02,anom_tmax,-0.6,anom_tmin,1.8
119,120,"era5_monthly_-23,5_-46,75_010191_300424",monthly,point,2000-12-31,-23.5,-46.75,prp,181.22,tmed,21.82,tmax,29.68,tmin,14.22,anom_prp,8.23,anom_tmed,-0.35,anom_tmax,-1.81,anom_tmin,-0.57
120,121,"era5_monthly_-23,5_-46,75_010191_300424",monthly,point,2001-01-31,-23.5,-46.75,prp,121.56,tmed,23.28,tmax,31.28,tmin,15.92,anom_prp,-103.85,anom_tmed,0.58,anom_tmax,-0.34,anom_tmin,-0.29
121,122,"era5_monthly_-23,5_-46,75_010191_300424",monthly,point,2001-02-28,-23.5,-46.75,prp,115.46,tmed,23.4,tmax,30.57,tmin,17.75,anom_prp,-56.03,anom_tmed,0.46,anom_tmax,-1.0,anom_tmin,1.1
122,123,"era5_monthly_-23,5_-46,75_010191_300424",monthly,point,2001-03-31,-23.5,-46.75,prp,147.69,tmed,22.78,tmax,30.81,tmin,16.34,anom_prp,4.1,anom_tmed,0.56,anom_tmax,-0.33,anom_tmin,0.61
123,124,"era5_monthly_-23,5_-46,75_010191_300424",monthly,point,2001-04-30,-23.5,-46.75,prp,20.28,tmed,21.98,tmax,29.95,tmin,13.74,anom_prp,-43.61,anom_tmed,1.29,anom_tmax,0.31,anom_tmin,0.79
124,125,"era5_monthly_-23,5_-46,75_010191_300424",monthly,point,2001-05-31,-23.5,-46.75,prp,83.94,tmed,17.7,tmax,29.51,tmin,9.77,anom_prp,22.54,anom_tmed,-0.31,anom_tmax,1.75,anom_tmin,-0.09
125,126,"era5_monthly_-23,5_-46,75_010191_300424",monthly,point,2001-06-30,-23.5,-46.75,prp,22.44,tmed,17.04,tmax,26.97,tmin,5.87,anom_prp,-24.77,anom_tmed,-0.05,anom_tmax,0.38,anom_tmin,-2.33
126,127,"era5_monthly_-23,5_-46,75_010191_300424",monthly,point,2001-07-31,-23.5,-46.75,prp,79.08,tmed,16.91,tmax,28.54,tmin,5.38,anom_prp,29.47,anom_tmed,0.17,anom_tmax,1.22,anom_tmin,-2.23
127,128,"era5_monthly_-23,5_-46,75_010191_300424",monthly,point,2001-08-31,-23.5,-46.75,prp,58.98,tmed,18.14,tmax,27.52,tmin,9.96,anom_prp,18.62,anom_tmed,0.4,anom_tmax,-2.45,anom_tmin,1.49
128,129,"era5_monthly_-23,5_-46,75_010191_300424",monthly,point,2001-09-30,-23.5,-46.75,prp,77.06,tmed,18.18,tmax,28.99,tmin,7.66,anom_prp,-9.85,anom_tmed,-0.92,anom_tmax,-3.26,anom_tmin,-2.61
129,130,"era5_monthly_-23,5_-46,75_010191_300424",monthly,point,2001-10-31,-23.5,-46.75,prp,109.41,tmed,19.66,tmax,30.51,tmin,12.13,anom_prp,-12.11,anom_tmed,-0.72,anom_tmax,-1.86,anom_tmin,-0.04
130,131,"era5_monthly_-23,5_-46,75_010191_300424",monthly,point,2001-11-30,-23.5,-46.75,prp,104.32,tmed,21.25,tmax,30.74,tmin,13.93,anom_prp,-43.6,anom_tmed,0.43,anom_tmax,-0.67,anom_tmin,1.02
131,132,"era5_monthly_-23,5_-46,75_010191_300424",monthly,point,2001-12-31,-23.5,-46.75,prp,236.09,tmed,21.19,tmax,30.71,tmin,13.94,anom_prp,63.1,anom_tmed,-0.98,anom_tmax,-0.78,anom_tmin,-0.85
132,133,"era5_monthly_-23,5_-46,75_010191_300424",monthly,point,2002-01-31,-23.5,-46.75,prp,231.73,tmed,22.39,tmax,31.93,tmin,14.84,anom_prp,6.32,anom_tmed,-0.32,anom_tmax,0.31,anom_tmin,-1.36
133,134,"era5_monthly_-23,5_-46,75_010191_300424",monthly,point,2002-02-28,-23.5,-46.75,prp,167.74,tmed,21.51,tmax,29.72,tmin,15.25,anom_prp,-3.75,anom_tmed,-1.42,anom_tmax,-1.84,anom_tmin,-1.4
134,135,"era5_monthly_-23,5_-46,75_010191_300424",monthly,point,2002-03-31,-23.5,-46.75,prp,130.17,tmed,23.48,tmax,31.22,tmin,16.82,anom_prp,-13.42,anom_tmed,1.26,anom_tmax,0.08,anom_tmin,1.09
135,136,"era5_monthly_-23,5_-46,75_010191_300424",monthly,point,2002-04-30,-23.5,-46.75,prp,34.41,tmed,22.33,tmax,30.34,tmin,16.44,anom_prp,-29.48,anom_tmed,1.63,anom_tmax,0.7,anom_tmin,3.49
136,137,"era5_monthly_-23,5_-46,75_010191_300424",monthly,point,2002-05-31,-23.5,-46.75,prp,77.76,tmed,19.11,tmax,28.1,tmin,10.07,anom_prp,16.36,anom_tmed,1.11,anom_tmax,0.34,anom_tmin,0.21
137,138,"era5_monthly_-23,5_-46,75_010191_300424",monthly,point,2002-06-30,-23.5,-46.75,prp,7.7,tmed,18.63,tmax,27.06,tmin,12.35,anom_prp,-39.51,anom_tmed,1.54,anom_tmax,0.47,anom_tmin,4.15
138,139,"era5_monthly_-23,5_-46,75_010191_300424",monthly,point,2002-07-31,-23.5,-46.75,prp,17.52,tmed,16.47,tmax,27.57,tmin,7.55,anom_prp,-32.08,anom_tmed,-0.27,anom_tmax,0.25,anom_tmin,-0.07
139,140,"era5_monthly_-23,5_-46,75_010191_300424",monthly,point,2002-08-31,-23.5,-46.75,prp,56.7,tmed,19.79,tmax,29.18,tmin,13.73,anom_prp,16.34,anom_tmed,2.05,anom_tmax,-0.78,anom_tmin,5.27
140,141,"era5_monthly_-23,5_-46,75_010191_300424",monthly,point,2002-09-30,-23.5,-46.75,prp,81.01,tmed,17.49,tmax,29.71,tmin,5.15,anom_prp,-5.89,anom_tmed,-1.6,anom_tmax,-2.54,anom_tmin,-5.12
141,142,"era5_monthly_-23,5_-46,75_010191_300424",monthly,point,2002-10-31,-23.5,-46.75,prp,54.16,tmed,22.9,tmax,34.57,tmin,14.39,anom_prp,-67.35,anom_tmed,2.52,anom_tmax,2.19,anom_tmin,2.22
142,143,"era5_monthly_-23,5_-46,75_010191_300424",monthly,point,2002-11-30,-23.5,-46.75,prp,148.25,tmed,21.51,tmax,31.72,tmin,12.6,anom_prp,0.33,anom_tmed,0.7,anom_tmax,0.31,anom_tmin,-0.3
143,144,"era5_monthly_-23,5_-46,75_010191_300424",monthly,point,2002-12-31,-23.5,-46.75,prp,169.91,tmed,22.55,tmax,31.76,tmin,15.83,anom_prp,-3.07,anom_tmed,0.38,anom_tmax,0.27,anom_tmin,1.04
144,145,"era5_monthly_-23,5_-46,75_010191_300424",monthly,point,2003-01-31,-23.5,-46.75,prp,293.46,tmed,22.5,tmax,32.15,tmin,15.71,anom_prp,68.05,anom_tmed,-0.21,anom_tmax,0.52,anom_tmin,-0.5
145,146,"era5_monthly_-23,5_-46,75_010191_300424",monthly,point,2003-02-28,-23.5,-46.75,prp,65.1,tmed,24.68,tmax,31.81,tmin,18.8,anom_prp,-106.39,anom_tmed,1.74,anom_tmax,0.24,anom_tmin,2.15
146,147,"era5_monthly_-23,5_-46,75_010191_300424",monthly,point,2003-03-31,-23.5,-46.75,prp,121.66,tmed,21.99,tmax,32.56,tmin,16.17,anom_prp,-21.93,anom_tmed,-0.23,anom_tmax,1.42,anom_tmin,0.44
147,148,"era5_monthly_-23,5_-46,75_010191_300424",monthly,point,2003-04-30,-23.5,-46.75,prp,74.66,tmed,20.8,tmax,29.38,tmin,11.18,anom_prp,10.77,anom_tmed,0.11,anom_tmax,-0.26,anom_tmin,-1.77
148,149,"era5_monthly_-23,5_-46,75_010191_300424",monthly,point,2003-05-31,-23.5,-46.75,prp,48.83,tmed,17.96,tmax,27.76,tmin,10.0,anom_prp,-12.56,anom_tmed,-0.05,anom_tmax,-0.0,anom_tmin,0.14
149,150,"era5_monthly_-23,5_-46,75_010191_300424",monthly,point,2003-06-30,-23.5,-46.75,prp,10.01,tmed,19.07,tmax,26.63,tmin,11.84,anom_prp,-37.2,anom_tmed,1.97,anom_tmax,0.04,anom_tmin,3.64
150,151,"era5_monthly_-23,5_-46,75_010191_300424",monthly,point,2003-07-31,-23.5,-46.75,prp,18.85,tmed,17.4,tmax,27.53,tmin,8.87,anom_prp,-30.75,anom_tmed,0.66,anom_tmax,0.21,anom_tmin,1.25
151,152,"era5_monthly_-23,5_-46,75_010191_300424",monthly,point,2003-08-31,-23.5,-46.75,prp,36.91,tmed,16.08,tmax,29.83,tmin,6.21,anom_prp,-3.44,anom_tmed,-1.66,anom_tmax,-0.13,anom_tmin,-2.25
152,153,"era5_monthly_-23,5_-46,75_010191_300424",monthly,point,2003-09-30,-23.5,-46.75,prp,43.17,tmed,18.49,tmax,33.24,tmin,9.21,anom_prp,-43.73,anom_tmed,-0.6,anom_tmax,0.99,anom_tmin,-1.06
153,154,"era5_monthly_-23,5_-46,75_010191_300424",monthly,point,2003-10-31,-23.5,-46.75,prp,143.16,tmed,19.92,tmax,32.42,tmin,10.98,anom_prp,21.65,anom_tmed,-0.46,anom_tmax,0.04,anom_tmin,-1.19
154,155,"era5_monthly_-23,5_-46,75_010191_300424",monthly,point,2003-11-30,-23.5,-46.75,prp,118.94,tmed,20.48,tmax,31.74,tmin,11.85,anom_prp,-28.98,anom_tmed,-0.34,anom_tmax,0.33,anom_tmin,-1.06
155,156,"era5_monthly_-23,5_-46,75_010191_300424",monthly,point,2003-12-31,-23.5,-46.75,prp,163.95,tmed,22.07,tmax,32.39,tmin,15.79,anom_prp,-9.04,anom_tmed,-0.1,anom_tmax,0.9,anom_tmin,1.0
156,157,"era5_monthly_-23,5_-46,75_010191_300424",monthly,point,2004-01-31,-23.5,-46.75,prp,253.35,tmed,21.24,tmax,29.85,tmin,15.1,anom_prp,27.94,anom_tmed,-1.47,anom_tmax,-1.78,anom_tmin,-1.1
157,158,"era5_monthly_-23,5_-46,75_010191_300424",monthly,point,2004-02-29,-23.5,-46.75,prp,186.19,tmed,21.23,tmax,29.92,tmin,14.73,anom_prp,14.7,anom_tmed,-1.7,anom_tmax,-1.65,anom_tmin,-1.92
158,159,"era5_monthly_-23,5_-46,75_010191_300424",monthly,point,2004-03-31,-23.5,-46.75,prp,149.19,tmed,20.74,tmax,29.68,tmin,13.85,anom_prp,5.61,anom_tmed,-1.48,anom_tmax,-1.47,anom_tmin,-1.88
159,160,"era5_monthly_-23,5_-46,75_010191_300424",monthly,point,2004-04-30,-23.5,-46.75,prp,70.3,tmed,20.9,tmax,28.42,tmin,13.76,anom_prp,6.41,anom_tmed,0.21,anom_tmax,-1.22,anom_tmin,0.8
160,161,"era5_monthly_-23,5_-46,75_010191_300424",monthly,point,2004-05-31,-23.5,-46.75,prp,74.76,tmed,17.04,tmax,27.63,tmin,8.8,anom_prp,13.37,anom_tmed,-0.97,anom_tmax,-0.13,anom_tmin,-1.06
161,162,"era5_monthly_-23,5_-46,75_010191_300424",monthly,point,2004-06-30,-23.5,-46.75,prp,70.81,tmed,16.33,tmax,24.7,tmin,7.29,anom_prp,23.6,anom_tmed,-0.76,anom_tmax,-1.89,anom_tmin,-0.91
162,163,"era5_monthly_-23,5_-46,75_010191_300424",monthly,point,2004-07-31,-23.5,-46.75,prp,80.34,tmed,15.8,tmax,25.78,tmin,6.97,anom_prp,30.74,anom_tmed,-0.94,anom_tmax,-1.54,anom_tmin,-0.65
163,164,"era5_monthly_-23,5_-46,75_010191_300424",monthly,point,2004-08-31,-23.5,-46.75,prp,7.15,tmed,17.13,tmax,28.92,tmin,6.7,anom_prp,-33.21,anom_tmed,-0.6,anom_tmax,-1.05,anom_tmin,-1.76
164,165,"era5_monthly_-23,5_-46,75_010191_300424",monthly,point,2004-09-30,-23.5,-46.75,prp,19.38,tmed,21.21,tmax,33.01,tmin,13.03,anom_prp,-67.52,anom_tmed,2.12,anom_tmax,0.76,anom_tmin,2.77
165,166,"era5_monthly_-23,5_-46,75_010191_300424",monthly,point,2004-10-31,-23.5,-46.75,prp,144.08,tmed,19.01,tmax,29.98,tmin,10.26,anom_prp,22.57,anom_tmed,-1.37,anom_tmax,-2.4,anom_tmin,-1.91
166,167,"era5_monthly_-23,5_-46,75_010191_300424",monthly,point,2004-11-30,-23.5,-46.75,prp,138.56,tmed,20.68,tmax,30.44,tmin,13.28,anom_prp,-9.37,anom_tmed,-0.14,anom_tmax,-0.97,anom_tmin,0.38
167,168,"era5_monthly_-23,5_-46,75_010191_300424",monthly,point,2004-12-31,-23.5,-46.75,prp,156.16,tmed,21.18,tmax,29.86,tmin,14.99,anom_prp,-16.82,anom_tmed,-0.99,anom_tmax,-1.64,anom_tmin,0.2
168,169,"era5_monthly_-23,5_-46,75_010191_300424",monthly,point,2005-01-31,-23.5,-46.75,prp,355.73,tmed,22.02,tmax,30.4,tmin,15.73,anom_prp,130.32,anom_tmed,-0.69,anom_tmax,-1.23,anom_tmin,-0.47
169,170,"era5_monthly_-23,5_-46,75_010191_300424",monthly,point,2005-02-28,-23.5,-46.75,prp,87.41,tmed,21.76,tmax,30.17,tmin,14.51,anom_prp,-84.09,anom_tmed,-1.18,anom_tmax,-1.39,anom_tmin,-2.15
170,171,"era5_monthly_-23,5_-46,75_010191_300424",monthly,point,2005-03-31,-23.5,-46.75,prp,142.36,tmed,22.13,tmax,31.49,tmin,16.44,anom_prp,-1.23,anom_tmed,-0.09,anom_tmax,0.34,anom_tmin,0.71
171,172,"era5_monthly_-23,5_-46,75_010191_300424",monthly,point,2005-04-30,-23.5,-46.75,prp,69.67,tmed,21.8,tmax,31.01,tmin,13.68,anom_prp,5.78,anom_tmed,1.1,anom_tmax,1.36,anom_tmin,0.73
172,173,"era5_monthly_-23,5_-46,75_010191_300424",monthly,point,2005-05-31,-23.5,-46.75,prp,68.16,tmed,19.3,tmax,28.57,tmin,11.88,anom_prp,6.77,anom_tmed,1.29,anom_tmax,0.81,anom_tmin,2.02
173,174,"era5_monthly_-23,5_-46,75_010191_300424",monthly,point,2005-06-30,-23.5,-46.75,prp,27.7,tmed,18.44,tmax,26.65,tmin,11.03,anom_prp,-19.51,anom_tmed,1.35,anom_tmax,0.06,anom_tmin,2.83
174,175,"era5_monthly_-23,5_-46,75_010191_300424",monthly,point,2005-07-31,-23.5,-46.75,prp,23.89,tmed,16.63,tmax,26.36,tmin,8.06,anom_prp,-25.72,anom_tmed,-0.11,anom_tmax,-0.96,anom_tmin,0.44
175,176,"era5_monthly_-23,5_-46,75_010191_300424",monthly,point,2005-08-31,-23.5,-46.75,prp,26.53,tmed,19.27,tmax,33.14,tmin,9.49,anom_prp,-13.83,anom_tmed,1.54,anom_tmax,3.18,anom_tmin,1.03
176,177,"era5_monthly_-23,5_-46,75_010191_300424",monthly,point,2005-09-30,-23.5,-46.75,prp,107.84,tmed,17.95,tmax,28.95,tmin,11.97,anom_prp,20.94,anom_tmed,-1.15,anom_tmax,-3.3,anom_tmin,1.71
177,178,"era5_monthly_-23,5_-46,75_010191_300424",monthly,point,2005-10-31,-23.5,-46.75,prp,115.78,tmed,21.07,tmax,32.84,tmin,15.22,anom_prp,-5.74,anom_tmed,0.69,anom_tmax,0.46,anom_tmin,3.05
178,179,"era5_monthly_-23,5_-46,75_010191_300424",monthly,point,2005-11-30,-23.5,-46.75,prp,102.68,tmed,20.33,tmax,29.88,tmin,12.76,anom_prp,-45.24,anom_tmed,-0.48,anom_tmax,-1.54,anom_tmin,-0.14
179,180,"era5_monthly_-23,5_-46,75_010191_300424",monthly,point,2005-12-31,-23.5,-46.75,prp,127.12,tmed,20.78,tmax,29.47,tmin,14.43,anom_prp,-45.86,anom_tmed,-1.38,anom_tmax,-2.02,anom_tmin,-0.36
180,181,"era5_monthly_-23,5_-46,75_010191_300424",monthly,point,2006-01-31,-23.5,-46.75,prp,135.14,tmed,23.58,tmax,34.19,tmin,17.75,anom_prp,-90.27,anom_tmed,0.87,anom_tmax,2.56,anom_tmin,1.55
181,182,"era5_monthly_-23,5_-46,75_010191_300424",monthly,point,2006-02-28,-23.5,-46.75,prp,180.32,tmed,22.86,tmax,31.43,tmin,17.98,anom_prp,8.83,anom_tmed,-0.08,anom_tmax,-0.14,anom_tmin,1.33
182,183,"era5_monthly_-23,5_-46,75_010191_300424",monthly,point,2006-03-31,-23.5,-46.75,prp,129.69,tmed,22.59,tmax,31.6,tmin,16.96,anom_prp,-13.9,anom_tmed,0.37,anom_tmax,0.45,anom_tmin,1.23
183,184,"era5_monthly_-23,5_-46,75_010191_300424",monthly,point,2006-04-30,-23.5,-46.75,prp,39.49,tmed,20.0,tmax,28.33,tmin,13.22,anom_prp,-24.39,anom_tmed,-0.7,anom_tmax,-1.32,anom_tmin,0.27
184,185,"era5_monthly_-23,5_-46,75_010191_300424",monthly,point,2006-05-31,-23.5,-46.75,prp,29.42,tmed,16.81,tmax,26.89,tmin,9.12,anom_prp,-31.98,anom_tmed,-1.2,anom_tmax,-0.87,anom_tmin,-0.74
185,186,"era5_monthly_-23,5_-46,75_010191_300424",monthly,point,2006-06-30,-23.5,-46.75,prp,6.35,tmed,17.33,tmax,25.77,tmin,9.32,anom_prp,-40.86,anom_tmed,0.23,anom_tmax,-0.82,anom_tmin,1.11
186,187,"era5_monthly_-23,5_-46,75_010191_300424",monthly,point,2006-07-31,-23.5,-46.75,prp,42.21,tmed,17.71,tmax,28.51,tmin,10.34,anom_prp,-7.4,anom_tmed,0.97,anom_tmax,1.19,anom_tmin,2.72
187,188,"era5_monthly_-23,5_-46,75_010191_300424",monthly,point,2006-08-31,-23.5,-46.75,prp,19.25,tmed,18.52,tmax,30.01,tmin,7.82,anom_prp,-21.11,anom_tmed,0.78,anom_tmax,0.04,anom_tmin,-0.64
188,189,"era5_monthly_-23,5_-46,75_010191_300424",monthly,point,2006-09-30,-23.5,-46.75,prp,89.44,tmed,18.19,tmax,34.32,tmin,5.26,anom_prp,2.54,anom_tmed,-0.9,anom_tmax,2.06,anom_tmin,-5.0
189,190,"era5_monthly_-23,5_-46,75_010191_300424",monthly,point,2006-10-31,-23.5,-46.75,prp,91.54,tmed,19.87,tmax,31.67,tmin,10.93,anom_prp,-29.97,anom_tmed,-0.5,anom_tmax,-0.71,anom_tmin,-1.24
190,191,"era5_monthly_-23,5_-46,75_010191_300424",monthly,point,2006-11-30,-23.5,-46.75,prp,181.13,tmed,20.74,tmax,31.16,tmin,11.62,anom_prp,33.21,anom_tmed,-0.08,anom_tmax,-0.25,anom_tmin,-1.29
191,192,"era5_monthly_-23,5_-46,75_010191_300424",monthly,point,2006-12-31,-23.5,-46.75,prp,243.41,tmed,22.22,tmax,30.24,tmin,16.31,anom_prp,70.43,anom_tmed,0.06,anom_tmax,-1.25,anom_tmin,1.52
192,193,"era5_monthly_-23,5_-46,75_010191_300424",monthly,point,2007-01-31,-23.5,-46.75,prp,205.31,tmed,22.13,tmax,30.11,tmin,15.59,anom_prp,-20.1,anom_tmed,-0.58,anom_tmax,-1.51,anom_tmin,-0.61
193,194,"era5_monthly_-23,5_-46,75_010191_300424",monthly,point,2007-02-28,-23.5,-46.75,prp,151.93,tmed,23.04,tmax,32.03,tmin,14.12,anom_prp,-19.56,anom_tmed,0.11,anom_tmax,0.47,anom_tmin,-2.53
194,195,"era5_monthly_-23,5_-46,75_010191_300424",monthly,point,2007-03-31,-23.5,-46.75,prp,91.58,tmed,23.47,tmax,31.64,tmin,16.43,anom_prp,-52.01,anom_tmed,1.24,anom_tmax,0.5,anom_tmin,0.7
195,196,"era5_monthly_-23,5_-46,75_010191_300424",monthly,point,2007-04-30,-23.5,-46.75,prp,49.77,tmed,21.54,tmax,30.49,tmin,14.65,anom_prp,-14.12,anom_tmed,0.84,anom_tmax,0.85,anom_tmin,1.69
196,197,"era5_monthly_-23,5_-46,75_010191_300424",monthly,point,2007-05-31,-23.5,-46.75,prp,65.4,tmed,17.43,tmax,28.59,tmin,7.39,anom_prp,4.0,anom_tmed,-0.58,anom_tmax,0.82,anom_tmin,-2.46
197,198,"era5_monthly_-23,5_-46,75_010191_300424",monthly,point,2007-06-30,-23.5,-46.75,prp,13.74,tmed,17.84,tmax,27.17,tmin,6.66,anom_prp,-33.47,anom_tmed,0.75,anom_tmax,0.58,anom_tmin,-1.54
198,199,"era5_monthly_-23,5_-46,75_010191_300424",monthly,point,2007-07-31,-23.5,-46.75,prp,157.38,tmed,15.79,tmax,27.26,tmin,5.43,anom_prp,107.78,anom_tmed,-0.96,anom_tmax,-0.06,anom_tmin,-2.19
199,200,"era5_monthly_-23,5_-46,75_010191_300424",monthly,point,2007-08-31,-23.5,-46.75,prp,5.22,tmed,17.53,tmax,30.09,tmin,10.8,anom_prp,-35.14,anom_tmed,-0.21,anom_tmax,0.12,anom_tmin,2.33
200,201,"era5_monthly_-23,5_-46,75_010191_300424",monthly,point,2007-09-30,-23.5,-46.75,prp,19.25,tmed,20.1,tmax,33.48,tmin,11.45,anom_prp,-67.66,anom_tmed,1.0,anom_tmax,1.23,anom_tmin,1.18
201,202,"era5_monthly_-23,5_-46,75_010191_300424",monthly,point,2007-10-31,-23.5,-46.75,prp,87.25,tmed,21.21,tmax,34.37,tmin,12.8,anom_prp,-34.26,anom_tmed,0.84,anom_tmax,2.0,anom_tmin,0.63
202,203,"era5_monthly_-23,5_-46,75_010191_300424",monthly,point,2007-11-30,-23.5,-46.75,prp,186.93,tmed,20.29,tmax,31.66,tmin,12.55,anom_prp,39.0,anom_tmed,-0.53,anom_tmax,0.25,anom_tmin,-0.35
203,204,"era5_monthly_-23,5_-46,75_010191_300424",monthly,point,2007-12-31,-23.5,-46.75,prp,147.57,tmed,22.42,tmax,32.89,tmin,14.27,anom_prp,-25.42,anom_tmed,0.25,anom_tmax,1.4,anom_tmin,-0.52
204,205,"era5_monthly_-23,5_-46,75_010191_300424",monthly,point,2008-01-31,-23.5,-46.75,prp,218.77,tmed,21.49,tmax,30.23,tmin,15.33,anom_prp,-6.64,anom_tmed,-1.22,anom_tmax,-1.4,anom_tmin,-0.87
205,206,"era5_monthly_-23,5_-46,75_010191_300424",monthly,point,2008-02-29,-23.5,-46.75,prp,153.74,tmed,22.3,tmax,30.77,tmin,16.86,anom_prp,-17.76,anom_tmed,-0.64,anom_tmax,-0.79,anom_tmin,0.21
206,207,"era5_monthly_-23,5_-46,75_010191_300424",monthly,point,2008-03-31,-23.5,-46.75,prp,143.9,tmed,21.79,tmax,30.48,tmin,15.24,anom_prp,0.31,anom_tmed,-0.43,anom_tmax,-0.66,anom_tmin,-0.49
207,208,"era5_monthly_-23,5_-46,75_010191_300424",monthly,point,2008-04-30,-23.5,-46.75,prp,128.36,tmed,20.45,tmax,29.03,tmin,13.93,anom_prp,64.47,anom_tmed,-0.25,anom_tmax,-0.62,anom_tmin,0.98
208,209,"era5_monthly_-23,5_-46,75_010191_300424",monthly,point,2008-05-31,-23.5,-46.75,prp,46.84,tmed,17.01,tmax,26.97,tmin,9.8,anom_prp,-14.55,anom_tmed,-1.0,anom_tmax,-0.79,anom_tmin,-0.06
209,210,"era5_monthly_-23,5_-46,75_010191_300424",monthly,point,2008-06-30,-23.5,-46.75,prp,36.74,tmed,16.87,tmax,26.13,tmin,7.88,anom_prp,-10.47,anom_tmed,-0.23,anom_tmax,-0.46,anom_tmin,-0.33
210,211,"era5_monthly_-23,5_-46,75_010191_300424",monthly,point,2008-07-31,-23.5,-46.75,prp,1.68,tmed,17.04,tmax,27.71,tmin,8.67,anom_prp,-47.92,anom_tmed,0.3,anom_tmax,0.39,anom_tmin,1.05
211,212,"era5_monthly_-23,5_-46,75_010191_300424",monthly,point,2008-08-31,-23.5,-46.75,prp,97.09,tmed,18.51,tmax,28.79,tmin,11.04,anom_prp,56.73,anom_tmed,0.78,anom_tmax,-1.18,anom_tmin,2.57
212,213,"era5_monthly_-23,5_-46,75_010191_300424",monthly,point,2008-09-30,-23.5,-46.75,prp,75.35,tmed,17.79,tmax,32.11,tmin,10.12,anom_prp,-11.55,anom_tmed,-1.31,anom_tmax,-0.14,anom_tmin,-0.15
213,214,"era5_monthly_-23,5_-46,75_010191_300424",monthly,point,2008-10-31,-23.5,-46.75,prp,158.26,tmed,20.71,tmax,32.99,tmin,12.01,anom_prp,36.74,anom_tmed,0.33,anom_tmax,0.62,anom_tmin,-0.16
214,215,"era5_monthly_-23,5_-46,75_010191_300424",monthly,point,2008-11-30,-23.5,-46.75,prp,189.99,tmed,20.27,tmax,29.03,tmin,13.19,anom_prp,42.06,anom_tmed,-0.55,anom_tmax,-2.38,anom_tmin,0.28
215,216,"era5_monthly_-23,5_-46,75_010191_300424",monthly,point,2008-12-31,-23.5,-46.75,prp,181.74,tmed,20.84,tmax,30.44,tmin,12.75,anom_prp,8.76,anom_tmed,-1.33,anom_tmax,-1.05,anom_tmin,-2.04
216,217,"era5_monthly_-23,5_-46,75_010191_300424",monthly,point,2009-01-31,-23.5,-46.75,prp,244.3,tmed,22.03,tmax,31.18,tmin,15.41,anom_prp,18.89,anom_tmed,-0.68,anom_tmax,-0.44,anom_tmin,-0.8
217,218,"era5_monthly_-23,5_-46,75_010191_300424",monthly,point,2009-02-28,-23.5,-46.75,prp,213.77,tmed,23.17,tmax,30.81,tmin,16.91,anom_prp,42.28,anom_tmed,0.24,anom_tmax,-0.76,anom_tmin,0.25
218,219,"era5_monthly_-23,5_-46,75_010191_300424",monthly,point,2009-03-31,-23.5,-46.75,prp,113.77,tmed,22.75,tmax,32.68,tmin,15.94,anom_prp,-29.82,anom_tmed,0.53,anom_tmax,1.54,anom_tmin,0.21
219,220,"era5_monthly_-23,5_-46,75_010191_300424",monthly,point,2009-04-30,-23.5,-46.75,prp,83.51,tmed,20.11,tmax,29.18,tmin,12.44,anom_prp,19.62,anom_tmed,-0.58,anom_tmax,-0.46,anom_tmin,-0.51
220,221,"era5_monthly_-23,5_-46,75_010191_300424",monthly,point,2009-05-31,-23.5,-46.75,prp,61.81,tmed,18.63,tmax,27.17,tmin,11.55,anom_prp,0.41,anom_tmed,0.62,anom_tmax,-0.59,anom_tmin,1.69
221,222,"era5_monthly_-23,5_-46,75_010191_300424",monthly,point,2009-06-30,-23.5,-46.75,prp,42.32,tmed,15.24,tmax,24.86,tmin,6.37,anom_prp,-4.89,anom_tmed,-1.85,anom_tmax,-1.73,anom_tmin,-1.83
222,223,"era5_monthly_-23,5_-46,75_010191_300424",monthly,point,2009-07-31,-23.5,-46.75,prp,161.59,tmed,16.48,tmax,25.81,tmin,8.55,anom_prp,111.99,anom_tmed,-0.27,anom_tmax,-1.51,anom_tmin,0.94
223,224,"era5_monthly_-23,5_-46,75_010191_300424",monthly,point,2009-08-31,-23.5,-46.75,prp,72.36,tmed,17.69,tmax,28.26,tmin,9.55,anom_prp,32.0,anom_tmed,-0.05,anom_tmax,-1.71,anom_tmin,1.09
224,225,"era5_monthly_-23,5_-46,75_010191_300424",monthly,point,2009-09-30,-23.5,-46.75,prp,132.7,tmed,19.41,tmax,30.27,tmin,11.96,anom_prp,45.8,anom_tmed,0.31,anom_tmax,-1.98,anom_tmin,1.7
225,226,"era5_monthly_-23,5_-46,75_010191_300424",monthly,point,2009-10-31,-23.5,-46.75,prp,129.39,tmed,19.74,tmax,29.25,tmin,12.22,anom_prp,7.87,anom_tmed,-0.63,anom_tmax,-3.13,anom_tmin,0.05
226,227,"era5_monthly_-23,5_-46,75_010191_300424",monthly,point,2009-11-30,-23.5,-46.75,prp,191.76,tmed,23.52,tmax,32.3,tmin,17.52,anom_prp,43.84,anom_tmed,2.71,anom_tmax,0.89,anom_tmin,4.61
227,228,"era5_monthly_-23,5_-46,75_010191_300424",monthly,point,2009-12-31,-23.5,-46.75,prp,219.59,tmed,22.19,tmax,30.69,tmin,15.36,anom_prp,46.61,anom_tmed,0.02,anom_tmax,-0.8,anom_tmin,0.57
228,229,"era5_monthly_-23,5_-46,75_010191_300424",monthly,point,2010-01-31,-23.5,-46.75,prp,301.42,tmed,23.08,tmax,31.16,tmin,17.7,anom_prp,76.01,anom_tmed,0.37,anom_tmax,-0.47,anom_tmin,1.49
229,230,"era5_monthly_-23,5_-46,75_010191_300424",monthly,point,2010-02-28,-23.5,-46.75,prp,186.85,tmed,24.35,tmax,32.71,tmin,17.47,anom_prp,15.36,anom_tmed,1.42,anom_tmax,1.15,anom_tmin,0.82
230,231,"era5_monthly_-23,5_-46,75_010191_300424",monthly,point,2010-03-31,-23.5,-46.75,prp,114.52,tmed,22.74,tmax,31.32,tmin,15.89,anom_prp,-29.07,anom_tmed,0.52,anom_tmax,0.17,anom_tmin,0.16
231,232,"era5_monthly_-23,5_-46,75_010191_300424",monthly,point,2010-04-30,-23.5,-46.75,prp,74.88,tmed,20.17,tmax,29.87,tmin,13.36,anom_prp,10.99,anom_tmed,-0.53,anom_tmax,0.22,anom_tmin,0.41
232,233,"era5_monthly_-23,5_-46,75_010191_300424",monthly,point,2010-05-31,-23.5,-46.75,prp,45.27,tmed,17.9,tmax,29.3,tmin,10.7,anom_prp,-16.13,anom_tmed,-0.1,anom_tmax,1.53,anom_tmin,0.85
233,234,"era5_monthly_-23,5_-46,75_010191_300424",monthly,point,2010-06-30,-23.5,-46.75,prp,13.4,tmed,16.23,tmax,28.52,tmin,7.62,anom_prp,-33.81,anom_tmed,-0.86,anom_tmax,1.93,anom_tmin,-0.58
234,235,"era5_monthly_-23,5_-46,75_010191_300424",monthly,point,2010-07-31,-23.5,-46.75,prp,62.09,tmed,17.98,tmax,28.52,tmin,10.4,anom_prp,12.49,anom_tmed,1.24,anom_tmax,1.2,anom_tmin,2.78
235,236,"era5_monthly_-23,5_-46,75_010191_300424",monthly,point,2010-08-31,-23.5,-46.75,prp,9.05,tmed,16.9,tmax,30.71,tmin,7.78,anom_prp,-31.31,anom_tmed,-0.83,anom_tmax,0.75,anom_tmin,-0.68
236,237,"era5_monthly_-23,5_-46,75_010191_300424",monthly,point,2010-09-30,-23.5,-46.75,prp,95.77,tmed,19.47,tmax,32.17,tmin,12.4,anom_prp,8.87,anom_tmed,0.37,anom_tmax,-0.09,anom_tmin,2.13
237,238,"era5_monthly_-23,5_-46,75_010191_300424",monthly,point,2010-10-31,-23.5,-46.75,prp,137.81,tmed,18.58,tmax,31.75,tmin,9.82,anom_prp,16.3,anom_tmed,-1.8,anom_tmax,-0.63,anom_tmin,-2.35
238,239,"era5_monthly_-23,5_-46,75_010191_300424",monthly,point,2010-11-30,-23.5,-46.75,prp,190.43,tmed,20.73,tmax,31.17,tmin,13.95,anom_prp,42.51,anom_tmed,-0.09,anom_tmax,-0.24,anom_tmin,1.04
239,240,"era5_monthly_-23,5_-46,75_010191_300424",monthly,point,2010-12-31,-23.5,-46.75,prp,262.19,tmed,22.35,tmax,31.41,tmin,14.31,anom_prp,89.21,anom_tmed,0.18,anom_tmax,-0.08,anom_tmin,-0.48
240,241,"era5_monthly_-23,5_-46,75_010191_300424",monthly,point,2011-01-31,-23.5,-46.75,prp,277.57,tmed,23.37,tmax,32.08,tmin,18.26,anom_prp,52.16,anom_tmed,0.66,anom_tmax,0.46,anom_tmin,2.06
241,242,"era5_monthly_-23,5_-46,75_010191_300424",monthly,point,2011-02-28,-23.5,-46.75,prp,174.62,tmed,23.8,tmax,32.05,tmin,18.77,anom_prp,3.12,anom_tmed,0.87,anom_tmax,0.49,anom_tmin,2.11
242,243,"era5_monthly_-23,5_-46,75_010191_300424",monthly,point,2011-03-31,-23.5,-46.75,prp,187.87,tmed,21.46,tmax,30.62,tmin,16.88,anom_prp,44.28,anom_tmed,-0.76,anom_tmax,-0.52,anom_tmin,1.15
243,244,"era5_monthly_-23,5_-46,75_010191_300424",monthly,point,2011-04-30,-23.5,-46.75,prp,79.27,tmed,20.96,tmax,29.94,tmin,14.22,anom_prp,15.38,anom_tmed,0.27,anom_tmax,0.29,anom_tmin,1.27
244,245,"era5_monthly_-23,5_-46,75_010191_300424",monthly,point,2011-05-31,-23.5,-46.75,prp,27.44,tmed,17.21,tmax,27.46,tmin,8.77,anom_prp,-33.96,anom_tmed,-0.79,anom_tmax,-0.3,anom_tmin,-1.09
245,246,"era5_monthly_-23,5_-46,75_010191_300424",monthly,point,2011-06-30,-23.5,-46.75,prp,52.93,tmed,15.4,tmax,26.15,tmin,4.67,anom_prp,5.72,anom_tmed,-1.69,anom_tmax,-0.44,anom_tmin,-3.53
246,247,"era5_monthly_-23,5_-46,75_010191_300424",monthly,point,2011-07-31,-23.5,-46.75,prp,34.38,tmed,16.93,tmax,27.51,tmin,7.21,anom_prp,-15.23,anom_tmed,0.19,anom_tmax,0.19,anom_tmin,-0.41
247,248,"era5_monthly_-23,5_-46,75_010191_300424",monthly,point,2011-08-31,-23.5,-46.75,prp,43.54,tmed,18.01,tmax,31.36,tmin,5.37,anom_prp,3.18,anom_tmed,0.28,anom_tmax,1.4,anom_tmin,-3.1
248,249,"era5_monthly_-23,5_-46,75_010191_300424",monthly,point,2011-09-30,-23.5,-46.75,prp,9.72,tmed,17.98,tmax,33.43,tmin,7.43,anom_prp,-77.18,anom_tmed,-1.11,anom_tmax,1.18,anom_tmin,-2.84
249,250,"era5_monthly_-23,5_-46,75_010191_300424",monthly,point,2011-10-31,-23.5,-46.75,prp,121.07,tmed,20.01,tmax,33.66,tmin,11.63,anom_prp,-0.44,anom_tmed,-0.37,anom_tmax,1.28,anom_tmin,-0.54
250,251,"era5_monthly_-23,5_-46,75_010191_300424",monthly,point,2011-11-30,-23.5,-46.75,prp,189.71,tmed,19.4,tmax,29.66,tmin,10.95,anom_prp,41.79,anom_tmed,-1.41,anom_tmax,-1.76,anom_tmin,-1.95
251,252,"era5_monthly_-23,5_-46,75_010191_300424",monthly,point,2011-12-31,-23.5,-46.75,prp,192.23,tmed,21.68,tmax,32.15,tmin,14.23,anom_prp,19.25,anom_tmed,-0.49,anom_tmax,0.66,anom_tmin,-0.56
252,253,"era5_monthly_-23,5_-46,75_010191_300424",monthly,point,2012-01-31,-23.5,-46.75,prp,233.58,tmed,21.0,tmax,30.13,tmin,12.69,anom_prp,8.17,anom_tmed,-1.7,anom_tmax,-1.5,anom_tmin,-3.51
253,254,"era5_monthly_-23,5_-46,75_010191_300424",monthly,point,2012-02-29,-23.5,-46.75,prp,118.21,tmed,23.84,tmax,33.03,tmin,17.27,anom_prp,-53.28,anom_tmed,0.91,anom_tmax,1.46,anom_tmin,0.62
254,255,"era5_monthly_-23,5_-46,75_010191_300424",monthly,point,2012-03-31,-23.5,-46.75,prp,85.62,tmed,21.99,tmax,32.69,tmin,14.33,anom_prp,-57.97,anom_tmed,-0.23,anom_tmax,1.55,anom_tmin,-1.4
255,256,"era5_monthly_-23,5_-46,75_010191_300424",monthly,point,2012-04-30,-23.5,-46.75,prp,124.79,tmed,20.87,tmax,30.31,tmin,13.72,anom_prp,60.9,anom_tmed,0.17,anom_tmax,0.67,anom_tmin,0.76
256,257,"era5_monthly_-23,5_-46,75_010191_300424",monthly,point,2012-05-31,-23.5,-46.75,prp,37.17,tmed,17.58,tmax,26.77,tmin,10.0,anom_prp,-24.23,anom_tmed,-0.43,anom_tmax,-1.0,anom_tmin,0.14
257,258,"era5_monthly_-23,5_-46,75_010191_300424",monthly,point,2012-06-30,-23.5,-46.75,prp,170.31,tmed,17.39,tmax,26.84,tmin,11.47,anom_prp,123.09,anom_tmed,0.3,anom_tmax,0.25,anom_tmin,3.27
258,259,"era5_monthly_-23,5_-46,75_010191_300424",monthly,point,2012-07-31,-23.5,-46.75,prp,86.71,tmed,16.8,tmax,26.81,tmin,7.23,anom_prp,37.1,anom_tmed,0.06,anom_tmax,-0.51,anom_tmin,-0.39
259,260,"era5_monthly_-23,5_-46,75_010191_300424",monthly,point,2012-08-31,-23.5,-46.75,prp,4.67,tmed,18.33,tmax,27.37,tmin,9.88,anom_prp,-35.69,anom_tmed,0.6,anom_tmax,-2.59,anom_tmin,1.42
260,261,"era5_monthly_-23,5_-46,75_010191_300424",monthly,point,2012-09-30,-23.5,-46.75,prp,81.66,tmed,19.59,tmax,33.87,tmin,8.55,anom_prp,-5.24,anom_tmed,0.49,anom_tmax,1.62,anom_tmin,-1.72
261,262,"era5_monthly_-23,5_-46,75_010191_300424",monthly,point,2012-10-31,-23.5,-46.75,prp,83.84,tmed,21.66,tmax,34.5,tmin,12.26,anom_prp,-37.68,anom_tmed,1.28,anom_tmax,2.12,anom_tmin,0.09
262,263,"era5_monthly_-23,5_-46,75_010191_300424",monthly,point,2012-11-30,-23.5,-46.75,prp,108.85,tmed,20.55,tmax,32.93,tmin,13.07,anom_prp,-39.07,anom_tmed,-0.27,anom_tmax,1.52,anom_tmin,0.17
263,264,"era5_monthly_-23,5_-46,75_010191_300424",monthly,point,2012-12-31,-23.5,-46.75,prp,199.21,tmed,23.81,tmax,32.76,tmin,17.97,anom_prp,26.23,anom_tmed,1.64,anom_tmax,1.26,anom_tmin,3.18
264,265,"era5_monthly_-23,5_-46,75_010191_300424",monthly,point,2013-01-31,-23.5,-46.75,prp,213.53,tmed,21.54,tmax,30.31,tmin,15.88,anom_prp,-11.88,anom_tmed,-1.17,anom_tmax,-1.32,anom_tmin,-0.33
265,266,"era5_monthly_-23,5_-46,75_010191_300424",monthly,point,2013-02-28,-23.5,-46.75,prp,152.39,tmed,23.01,tmax,32.26,tmin,17.29,anom_prp,-19.1,anom_tmed,0.07,anom_tmax,0.69,anom_tmin,0.64
266,267,"era5_monthly_-23,5_-46,75_010191_300424",monthly,point,2013-03-31,-23.5,-46.75,prp,183.07,tmed,21.74,tmax,31.0,tmin,15.52,anom_prp,39.48,anom_tmed,-0.48,anom_tmax,-0.14,anom_tmin,-0.21
267,268,"era5_monthly_-23,5_-46,75_010191_300424",monthly,point,2013-04-30,-23.5,-46.75,prp,97.84,tmed,19.62,tmax,28.86,tmin,11.82,anom_prp,33.95,anom_tmed,-1.07,anom_tmax,-0.78,anom_tmin,-1.13
268,269,"era5_monthly_-23,5_-46,75_010191_300424",monthly,point,2013-05-31,-23.5,-46.75,prp,64.86,tmed,18.31,tmax,28.9,tmin,8.93,anom_prp,3.46,anom_tmed,0.31,anom_tmax,1.13,anom_tmin,-0.93
269,270,"era5_monthly_-23,5_-46,75_010191_300424",monthly,point,2013-06-30,-23.5,-46.75,prp,74.51,tmed,17.65,tmax,25.67,tmin,10.51,anom_prp,27.3,anom_tmed,0.56,anom_tmax,-0.92,anom_tmin,2.31
270,271,"era5_monthly_-23,5_-46,75_010191_300424",monthly,point,2013-07-31,-23.5,-46.75,prp,75.23,tmed,15.71,tmax,26.09,tmin,5.75,anom_prp,25.63,anom_tmed,-1.03,anom_tmax,-1.23,anom_tmin,-1.87
271,272,"era5_monthly_-23,5_-46,75_010191_300424",monthly,point,2013-08-31,-23.5,-46.75,prp,11.72,tmed,17.14,tmax,29.17,tmin,7.23,anom_prp,-28.64,anom_tmed,-0.6,anom_tmax,-0.8,anom_tmin,-1.23
272,273,"era5_monthly_-23,5_-46,75_010191_300424",monthly,point,2013-09-30,-23.5,-46.75,prp,114.83,tmed,19.01,tmax,32.22,tmin,7.91,anom_prp,27.93,anom_tmed,-0.08,anom_tmax,-0.03,anom_tmin,-2.36
273,274,"era5_monthly_-23,5_-46,75_010191_300424",monthly,point,2013-10-31,-23.5,-46.75,prp,137.59,tmed,19.48,tmax,31.88,tmin,10.47,anom_prp,16.07,anom_tmed,-0.9,anom_tmax,-0.5,anom_tmin,-1.7
274,275,"era5_monthly_-23,5_-46,75_010191_300424",monthly,point,2013-11-30,-23.5,-46.75,prp,152.93,tmed,21.18,tmax,33.4,tmin,13.62,anom_prp,5.01,anom_tmed,0.37,anom_tmax,1.99,anom_tmin,0.71
275,276,"era5_monthly_-23,5_-46,75_010191_300424",monthly,point,2013-12-31,-23.5,-46.75,prp,104.82,tmed,22.77,tmax,33.67,tmin,15.68,anom_prp,-68.17,anom_tmed,0.61,anom_tmax,2.18,anom_tmin,0.89
276,277,"era5_monthly_-23,5_-46,75_010191_300424",monthly,point,2014-01-31,-23.5,-46.75,prp,90.14,tmed,24.67,tmax,34.31,tmin,16.96,anom_prp,-135.27,anom_tmed,1.96,anom_tmax,2.69,anom_tmin,0.75
277,278,"era5_monthly_-23,5_-46,75_010191_300424",monthly,point,2014-02-28,-23.5,-46.75,prp,88.48,tmed,25.18,tmax,35.65,tmin,16.3,anom_prp,-83.02,anom_tmed,2.25,anom_tmax,4.09,anom_tmin,-0.35
278,279,"era5_monthly_-23,5_-46,75_010191_300424",monthly,point,2014-03-31,-23.5,-46.75,prp,109.25,tmed,22.5,tmax,31.24,tmin,15.18,anom_prp,-34.34,anom_tmed,0.28,anom_tmax,0.1,anom_tmin,-0.55
279,280,"era5_monthly_-23,5_-46,75_010191_300424",monthly,point,2014-04-30,-23.5,-46.75,prp,54.62,tmed,20.6,tmax,30.1,tmin,11.33,anom_prp,-9.27,anom_tmed,-0.1,anom_tmax,0.45,anom_tmin,-1.63
280,281,"era5_monthly_-23,5_-46,75_010191_300424",monthly,point,2014-05-31,-23.5,-46.75,prp,45.67,tmed,18.63,tmax,28.37,tmin,11.18,anom_prp,-15.72,anom_tmed,0.62,anom_tmax,0.61,anom_tmin,1.32
281,282,"era5_monthly_-23,5_-46,75_010191_300424",monthly,point,2014-06-30,-23.5,-46.75,prp,9.58,tmed,18.38,tmax,28.16,tmin,8.51,anom_prp,-37.63,anom_tmed,1.29,anom_tmax,1.57,anom_tmin,0.31
282,283,"era5_monthly_-23,5_-46,75_010191_300424",monthly,point,2014-07-31,-23.5,-46.75,prp,48.65,tmed,17.1,tmax,29.09,tmin,9.3,anom_prp,-0.95,anom_tmed,0.36,anom_tmax,1.77,anom_tmin,1.68
283,284,"era5_monthly_-23,5_-46,75_010191_300424",monthly,point,2014-08-31,-23.5,-46.75,prp,35.25,tmed,18.23,tmax,31.38,tmin,8.38,anom_prp,-5.11,anom_tmed,0.49,anom_tmax,1.41,anom_tmin,-0.09
284,285,"era5_monthly_-23,5_-46,75_010191_300424",monthly,point,2014-09-30,-23.5,-46.75,prp,79.07,tmed,20.35,tmax,31.57,tmin,11.27,anom_prp,-7.83,anom_tmed,1.25,anom_tmax,-0.69,anom_tmin,1.01
285,286,"era5_monthly_-23,5_-46,75_010191_300424",monthly,point,2014-10-31,-23.5,-46.75,prp,35.97,tmed,21.5,tmax,36.18,tmin,10.63,anom_prp,-85.54,anom_tmed,1.12,anom_tmax,3.8,anom_tmin,-1.54
286,287,"era5_monthly_-23,5_-46,75_010191_300424",monthly,point,2014-11-30,-23.5,-46.75,prp,153.67,tmed,21.49,tmax,31.19,tmin,12.2,anom_prp,5.74,anom_tmed,0.67,anom_tmax,-0.22,anom_tmin,-0.71
287,288,"era5_monthly_-23,5_-46,75_010191_300424",monthly,point,2014-12-31,-23.5,-46.75,prp,185.42,tmed,23.11,tmax,33.45,tmin,14.8,anom_prp,12.44,anom_tmed,0.94,anom_tmax,1.96,anom_tmin,0.01
288,289,"era5_monthly_-23,5_-46,75_010191_300424",monthly,point,2015-01-31,-23.5,-46.75,prp,109.87,tmed,25.06,tmax,34.38,tmin,18.73,anom_prp,-115.54,anom_tmed,2.35,anom_tmax,2.75,anom_tmin,2.53
289,290,"era5_monthly_-23,5_-46,75_010191_300424",monthly,point,2015-02-28,-23.5,-46.75,prp,182.79,tmed,23.4,tmax,32.22,tmin,17.76,anom_prp,11.3,anom_tmed,0.47,anom_tmax,0.65,anom_tmin,1.11
290,291,"era5_monthly_-23,5_-46,75_010191_300424",monthly,point,2015-03-31,-23.5,-46.75,prp,205.75,tmed,22.2,tmax,30.3,tmin,16.65,anom_prp,62.16,anom_tmed,-0.02,anom_tmax,-0.84,anom_tmin,0.92
291,292,"era5_monthly_-23,5_-46,75_010191_300424",monthly,point,2015-04-30,-23.5,-46.75,prp,52.03,tmed,20.92,tmax,29.12,tmin,14.85,anom_prp,-11.86,anom_tmed,0.23,anom_tmax,-0.53,anom_tmin,1.9
292,293,"era5_monthly_-23,5_-46,75_010191_300424",monthly,point,2015-05-31,-23.5,-46.75,prp,86.46,tmed,18.73,tmax,27.94,tmin,12.41,anom_prp,25.07,anom_tmed,0.73,anom_tmax,0.18,anom_tmin,2.56
293,294,"era5_monthly_-23,5_-46,75_010191_300424",monthly,point,2015-06-30,-23.5,-46.75,prp,34.46,tmed,17.89,tmax,27.94,tmin,10.38,anom_prp,-12.75,anom_tmed,0.8,anom_tmax,1.35,anom_tmin,2.17
294,295,"era5_monthly_-23,5_-46,75_010191_300424",monthly,point,2015-07-31,-23.5,-46.75,prp,89.04,tmed,17.9,tmax,28.97,tmin,10.4,anom_prp,39.44,anom_tmed,1.16,anom_tmax,1.65,anom_tmin,2.78
295,296,"era5_monthly_-23,5_-46,75_010191_300424",monthly,point,2015-08-31,-23.5,-46.75,prp,32.79,tmed,19.66,tmax,31.18,tmin,12.39,anom_prp,-7.56,anom_tmed,1.93,anom_tmax,1.22,anom_tmin,3.92
296,297,"era5_monthly_-23,5_-46,75_010191_300424",monthly,point,2015-09-30,-23.5,-46.75,prp,235.14,tmed,20.89,tmax,35.0,tmin,12.59,anom_prp,148.23,anom_tmed,1.8,anom_tmax,2.74,anom_tmin,2.32
297,298,"era5_monthly_-23,5_-46,75_010191_300424",monthly,point,2015-10-31,-23.5,-46.75,prp,63.93,tmed,21.88,tmax,34.77,tmin,14.58,anom_prp,-57.58,anom_tmed,1.5,anom_tmax,2.4,anom_tmin,2.41
298,299,"era5_monthly_-23,5_-46,75_010191_300424",monthly,point,2015-11-30,-23.5,-46.75,prp,231.69,tmed,22.01,tmax,30.63,tmin,16.0,anom_prp,83.77,anom_tmed,1.19,anom_tmax,-0.78,anom_tmin,3.09
299,300,"era5_monthly_-23,5_-46,75_010191_300424",monthly,point,2015-12-31,-23.5,-46.75,prp,245.3,tmed,23.17,tmax,32.13,tmin,17.03,anom_prp,72.31,anom_tmed,1.0,anom_tmax,0.64,anom_tmin,2.24
300,301,"era5_monthly_-23,5_-46,75_010191_300424",monthly,point,2016-01-31,-23.5,-46.75,prp,248.59,tmed,22.87,tmax,32.39,tmin,16.2,anom_prp,23.18,anom_tmed,0.17,anom_tmax,0.76,anom_tmin,-0.0
301,302,"era5_monthly_-23,5_-46,75_010191_300424",monthly,point,2016-02-29,-23.5,-46.75,prp,173.71,tmed,24.12,tmax,32.66,tmin,17.64,anom_prp,2.22,anom_tmed,1.18,anom_tmax,1.09,anom_tmin,0.99
302,303,"era5_monthly_-23,5_-46,75_010191_300424",monthly,point,2016-03-31,-23.5,-46.75,prp,151.51,tmed,22.96,tmax,31.06,tmin,17.6,anom_prp,7.92,anom_tmed,0.74,anom_tmax,-0.08,anom_tmin,1.87
303,304,"era5_monthly_-23,5_-46,75_010191_300424",monthly,point,2016-04-30,-23.5,-46.75,prp,28.76,tmed,23.33,tmax,31.59,tmin,12.25,anom_prp,-35.12,anom_tmed,2.63,anom_tmax,1.95,anom_tmin,-0.7
304,305,"era5_monthly_-23,5_-46,75_010191_300424",monthly,point,2016-05-31,-23.5,-46.75,prp,71.01,tmed,18.01,tmax,26.43,tmin,9.38,anom_prp,9.62,anom_tmed,0.0,anom_tmax,-1.33,anom_tmin,-0.48
305,306,"era5_monthly_-23,5_-46,75_010191_300424",monthly,point,2016-06-30,-23.5,-46.75,prp,117.18,tmed,15.36,tmax,24.59,tmin,3.14,anom_prp,69.97,anom_tmed,-1.73,anom_tmax,-2.0,anom_tmin,-5.06
306,307,"era5_monthly_-23,5_-46,75_010191_300424",monthly,point,2016-07-31,-23.5,-46.75,prp,8.48,tmed,17.15,tmax,28.65,tmin,7.25,anom_prp,-41.12,anom_tmed,0.41,anom_tmax,1.33,anom_tmin,-0.37
307,308,"era5_monthly_-23,5_-46,75_010191_300424",monthly,point,2016-08-31,-23.5,-46.75,prp,85.92,tmed,17.95,tmax,29.92,tmin,7.81,anom_prp,45.56,anom_tmed,0.21,anom_tmax,-0.05,anom_tmin,-0.65
308,309,"era5_monthly_-23,5_-46,75_010191_300424",monthly,point,2016-09-30,-23.5,-46.75,prp,34.1,tmed,18.58,tmax,32.1,tmin,10.8,anom_prp,-52.8,anom_tmed,-0.52,anom_tmax,-0.15,anom_tmin,0.54
309,310,"era5_monthly_-23,5_-46,75_010191_300424",monthly,point,2016-10-31,-23.5,-46.75,prp,156.95,tmed,20.37,tmax,33.77,tmin,11.26,anom_prp,35.43,anom_tmed,-0.01,anom_tmax,1.39,anom_tmin,-0.91
310,311,"era5_monthly_-23,5_-46,75_010191_300424",monthly,point,2016-11-30,-23.5,-46.75,prp,197.5,tmed,20.57,tmax,30.51,tmin,11.47,anom_prp,49.58,anom_tmed,-0.25,anom_tmax,-0.9,anom_tmin,-1.44
311,312,"era5_monthly_-23,5_-46,75_010191_300424",monthly,point,2016-12-31,-23.5,-46.75,prp,115.57,tmed,22.85,tmax,32.84,tmin,14.06,anom_prp,-57.41,anom_tmed,0.69,anom_tmax,1.35,anom_tmin,-0.73
312,313,"era5_monthly_-23,5_-46,75_010191_300424",monthly,point,2017-01-31,-23.5,-46.75,prp,287.31,tmed,23.08,tmax,31.46,tmin,18.11,anom_prp,61.9,anom_tmed,0.38,anom_tmax,-0.17,anom_tmin,1.9
313,314,"era5_monthly_-23,5_-46,75_010191_300424",monthly,point,2017-02-28,-23.5,-46.75,prp,77.94,tmed,24.18,tmax,33.21,tmin,18.15,anom_prp,-93.56,anom_tmed,1.25,anom_tmax,1.65,anom_tmin,1.5
314,315,"era5_monthly_-23,5_-46,75_010191_300424",monthly,point,2017-03-31,-23.5,-46.75,prp,119.53,tmed,22.13,tmax,31.47,tmin,15.14,anom_prp,-24.06,anom_tmed,-0.09,anom_tmax,0.33,anom_tmin,-0.59
315,316,"era5_monthly_-23,5_-46,75_010191_300424",monthly,point,2017-04-30,-23.5,-46.75,prp,73.27,tmed,20.26,tmax,30.35,tmin,13.62,anom_prp,9.38,anom_tmed,-0.44,anom_tmax,0.71,anom_tmin,0.67
316,317,"era5_monthly_-23,5_-46,75_010191_300424",monthly,point,2017-05-31,-23.5,-46.75,prp,99.45,tmed,18.87,tmax,27.2,tmin,13.64,anom_prp,38.06,anom_tmed,0.86,anom_tmax,-0.56,anom_tmin,3.78
317,318,"era5_monthly_-23,5_-46,75_010191_300424",monthly,point,2017-06-30,-23.5,-46.75,prp,30.98,tmed,17.54,tmax,27.56,tmin,8.31,anom_prp,-16.23,anom_tmed,0.45,anom_tmax,0.97,anom_tmin,0.11
318,319,"era5_monthly_-23,5_-46,75_010191_300424",monthly,point,2017-07-31,-23.5,-46.75,prp,7.21,tmed,16.32,tmax,26.62,tmin,7.61,anom_prp,-42.39,anom_tmed,-0.42,anom_tmax,-0.7,anom_tmin,-0.01
319,320,"era5_monthly_-23,5_-46,75_010191_300424",monthly,point,2017-08-31,-23.5,-46.75,prp,50.08,tmed,17.57,tmax,31.35,tmin,9.89,anom_prp,9.72,anom_tmed,-0.17,anom_tmax,1.38,anom_tmin,1.43
320,321,"era5_monthly_-23,5_-46,75_010191_300424",monthly,point,2017-09-30,-23.5,-46.75,prp,38.92,tmed,21.49,tmax,33.54,tmin,12.48,anom_prp,-47.98,anom_tmed,2.4,anom_tmax,1.29,anom_tmin,2.22
321,322,"era5_monthly_-23,5_-46,75_010191_300424",monthly,point,2017-10-31,-23.5,-46.75,prp,78.61,tmed,21.63,tmax,34.22,tmin,13.08,anom_prp,-42.9,anom_tmed,1.25,anom_tmax,1.84,anom_tmin,0.91
322,323,"era5_monthly_-23,5_-46,75_010191_300424",monthly,point,2017-11-30,-23.5,-46.75,prp,139.9,tmed,20.69,tmax,31.49,tmin,11.41,anom_prp,-8.02,anom_tmed,-0.13,anom_tmax,0.08,anom_tmin,-1.5
323,324,"era5_monthly_-23,5_-46,75_010191_300424",monthly,point,2017-12-31,-23.5,-46.75,prp,170.6,tmed,22.4,tmax,32.64,tmin,16.63,anom_prp,-2.38,anom_tmed,0.23,anom_tmax,1.15,anom_tmin,1.84
324,325,"era5_monthly_-23,5_-46,75_010191_300424",monthly,point,2018-01-31,-23.5,-46.75,prp,208.26,tmed,22.75,tmax,31.59,tmin,16.86,anom_prp,-17.15,anom_tmed,0.04,anom_tmax,-0.04,anom_tmin,0.66
325,326,"era5_monthly_-23,5_-46,75_010191_300424",monthly,point,2018-02-28,-23.5,-46.75,prp,102.18,tmed,22.19,tmax,32.34,tmin,15.13,anom_prp,-69.32,anom_tmed,-0.74,anom_tmax,0.78,anom_tmin,-1.52
326,327,"era5_monthly_-23,5_-46,75_010191_300424",monthly,point,2018-03-31,-23.5,-46.75,prp,207.7,tmed,23.41,tmax,32.2,tmin,18.95,anom_prp,64.11,anom_tmed,1.18,anom_tmax,1.06,anom_tmin,3.22
327,328,"era5_monthly_-23,5_-46,75_010191_300424",monthly,point,2018-04-30,-23.5,-46.75,prp,36.77,tmed,20.79,tmax,28.88,tmin,10.94,anom_prp,-27.11,anom_tmed,0.09,anom_tmax,-0.76,anom_tmin,-2.01
328,329,"era5_monthly_-23,5_-46,75_010191_300424",monthly,point,2018-05-31,-23.5,-46.75,prp,24.41,tmed,18.8,tmax,29.25,tmin,7.89,anom_prp,-36.99,anom_tmed,0.8,anom_tmax,1.49,anom_tmin,-1.96
329,330,"era5_monthly_-23,5_-46,75_010191_300424",monthly,point,2018-06-30,-23.5,-46.75,prp,51.15,tmed,18.09,tmax,27.42,tmin,11.45,anom_prp,3.94,anom_tmed,1.0,anom_tmax,0.83,anom_tmin,3.25
330,331,"era5_monthly_-23,5_-46,75_010191_300424",monthly,point,2018-07-31,-23.5,-46.75,prp,16.64,tmed,17.92,tmax,29.13,tmin,7.8,anom_prp,-32.97,anom_tmed,1.18,anom_tmax,1.81,anom_tmin,0.19
331,332,"era5_monthly_-23,5_-46,75_010191_300424",monthly,point,2018-08-31,-23.5,-46.75,prp,84.57,tmed,16.95,tmax,28.97,tmin,8.51,anom_prp,44.21,anom_tmed,-0.78,anom_tmax,-1.0,anom_tmin,0.05
332,333,"era5_monthly_-23,5_-46,75_010191_300424",monthly,point,2018-09-30,-23.5,-46.75,prp,92.34,tmed,19.09,tmax,31.44,tmin,8.7,anom_prp,5.44,anom_tmed,-0.0,anom_tmax,-0.82,anom_tmin,-1.56
333,334,"era5_monthly_-23,5_-46,75_010191_300424",monthly,point,2018-10-31,-23.5,-46.75,prp,134.71,tmed,20.12,tmax,30.35,tmin,13.29,anom_prp,13.2,anom_tmed,-0.25,anom_tmax,-2.03,anom_tmin,1.12
334,335,"era5_monthly_-23,5_-46,75_010191_300424",monthly,point,2018-11-30,-23.5,-46.75,prp,122.07,tmed,20.89,tmax,31.64,tmin,14.63,anom_prp,-25.85,anom_tmed,0.07,anom_tmax,0.23,anom_tmin,1.72
335,336,"era5_monthly_-23,5_-46,75_010191_300424",monthly,point,2018-12-31,-23.5,-46.75,prp,79.47,tmed,23.2,tmax,33.91,tmin,12.12,anom_prp,-93.51,anom_tmed,1.03,anom_tmax,2.42,anom_tmin,-2.67
336,337,"era5_monthly_-23,5_-46,75_010191_300424",monthly,point,2019-01-31,-23.5,-46.75,prp,169.24,tmed,24.71,tmax,33.72,tmin,16.55,anom_prp,-56.17,anom_tmed,2.0,anom_tmax,2.09,anom_tmin,0.34
337,338,"era5_monthly_-23,5_-46,75_010191_300424",monthly,point,2019-02-28,-23.5,-46.75,prp,177.18,tmed,22.76,tmax,34.7,tmin,16.51,anom_prp,5.69,anom_tmed,-0.18,anom_tmax,3.13,anom_tmin,-0.14
338,339,"era5_monthly_-23,5_-46,75_010191_300424",monthly,point,2019-03-31,-23.5,-46.75,prp,142.77,tmed,22.52,tmax,32.41,tmin,16.06,anom_prp,-0.82,anom_tmed,0.3,anom_tmax,1.27,anom_tmin,0.33
339,340,"era5_monthly_-23,5_-46,75_010191_300424",monthly,point,2019-04-30,-23.5,-46.75,prp,119.47,tmed,21.98,tmax,31.36,tmin,14.03,anom_prp,55.59,anom_tmed,1.29,anom_tmax,1.71,anom_tmin,1.08
340,341,"era5_monthly_-23,5_-46,75_010191_300424",monthly,point,2019-05-31,-23.5,-46.75,prp,45.6,tmed,20.05,tmax,28.95,tmin,11.55,anom_prp,-15.79,anom_tmed,2.04,anom_tmax,1.18,anom_tmin,1.69
341,342,"era5_monthly_-23,5_-46,75_010191_300424",monthly,point,2019-06-30,-23.5,-46.75,prp,38.05,tmed,18.39,tmax,27.53,tmin,8.57,anom_prp,-9.16,anom_tmed,1.3,anom_tmax,0.94,anom_tmin,0.37
342,343,"era5_monthly_-23,5_-46,75_010191_300424",monthly,point,2019-07-31,-23.5,-46.75,prp,78.99,tmed,16.52,tmax,27.44,tmin,5.18,anom_prp,29.38,anom_tmed,-0.22,anom_tmax,0.12,anom_tmin,-2.44
343,344,"era5_monthly_-23,5_-46,75_010191_300424",monthly,point,2019-08-31,-23.5,-46.75,prp,35.81,tmed,17.4,tmax,31.22,tmin,9.71,anom_prp,-4.55,anom_tmed,-0.33,anom_tmax,1.26,anom_tmin,1.24
344,345,"era5_monthly_-23,5_-46,75_010191_300424",monthly,point,2019-09-30,-23.5,-46.75,prp,58.51,tmed,19.93,tmax,34.82,tmin,12.36,anom_prp,-28.39,anom_tmed,0.83,anom_tmax,2.56,anom_tmin,2.09
345,346,"era5_monthly_-23,5_-46,75_010191_300424",monthly,point,2019-10-31,-23.5,-46.75,prp,37.64,tmed,22.21,tmax,34.78,tmin,13.45,anom_prp,-83.87,anom_tmed,1.83,anom_tmax,2.4,anom_tmin,1.28
346,347,"era5_monthly_-23,5_-46,75_010191_300424",monthly,point,2019-11-30,-23.5,-46.75,prp,150.57,tmed,21.09,tmax,35.32,tmin,13.13,anom_prp,2.65,anom_tmed,0.27,anom_tmax,3.91,anom_tmin,0.22
347,348,"era5_monthly_-23,5_-46,75_010191_300424",monthly,point,2019-12-31,-23.5,-46.75,prp,144.53,tmed,21.97,tmax,30.35,tmin,13.76,anom_prp,-28.45,anom_tmed,-0.2,anom_tmax,-1.14,anom_tmin,-1.03
348,349,"era5_monthly_-23,5_-46,75_010191_300424",monthly,point,2020-01-31,-23.5,-46.75,prp,202.32,tmed,22.5,tmax,31.99,tmin,14.83,anom_prp,-23.09,anom_tmed,-0.21,anom_tmax,0.37,anom_tmin,-1.37
349,350,"era5_monthly_-23,5_-46,75_010191_300424",monthly,point,2020-02-29,-23.5,-46.75,prp,254.17,tmed,21.6,tmax,31.48,tmin,15.01,anom_prp,82.68,anom_tmed,-1.33,anom_tmax,-0.09,anom_tmin,-1.64
350,351,"era5_monthly_-23,5_-46,75_010191_300424",monthly,point,2020-03-31,-23.5,-46.75,prp,88.93,tmed,21.02,tmax,30.42,tmin,13.71,anom_prp,-54.65,anom_tmed,-1.2,anom_tmax,-0.72,anom_tmin,-2.02
351,352,"era5_monthly_-23,5_-46,75_010191_300424",monthly,point,2020-04-30,-23.5,-46.75,prp,8.75,tmed,19.3,tmax,29.72,tmin,12.43,anom_prp,-55.14,anom_tmed,-1.4,anom_tmax,0.08,anom_tmin,-0.52
352,353,"era5_monthly_-23,5_-46,75_010191_300424",monthly,point,2020-05-31,-23.5,-46.75,prp,26.85,tmed,16.79,tmax,27.64,tmin,6.95,anom_prp,-34.55,anom_tmed,-1.22,anom_tmax,-0.13,anom_tmin,-2.9
353,354,"era5_monthly_-23,5_-46,75_010191_300424",monthly,point,2020-06-30,-23.5,-46.75,prp,76.41,tmed,18.36,tmax,27.61,tmin,10.85,anom_prp,29.2,anom_tmed,1.26,anom_tmax,1.02,anom_tmin,2.64
354,355,"era5_monthly_-23,5_-46,75_010191_300424",monthly,point,2020-07-31,-23.5,-46.75,prp,8.17,tmed,17.68,tmax,28.02,tmin,6.71,anom_prp,-41.43,anom_tmed,0.94,anom_tmax,0.7,anom_tmin,-0.91
355,356,"era5_monthly_-23,5_-46,75_010191_300424",monthly,point,2020-08-31,-23.5,-46.75,prp,66.16,tmed,17.25,tmax,29.93,tmin,8.17,anom_prp,25.8,anom_tmed,-0.48,anom_tmax,-0.04,anom_tmin,-0.3
356,357,"era5_monthly_-23,5_-46,75_010191_300424",monthly,point,2020-09-30,-23.5,-46.75,prp,38.63,tmed,21.36,tmax,35.64,tmin,13.29,anom_prp,-48.27,anom_tmed,2.27,anom_tmax,3.38,anom_tmin,3.03
357,358,"era5_monthly_-23,5_-46,75_010191_300424",monthly,point,2020-10-31,-23.5,-46.75,prp,97.05,tmed,21.14,tmax,36.85,tmin,11.7,anom_prp,-24.46,anom_tmed,0.77,anom_tmax,4.47,anom_tmin,-0.47
358,359,"era5_monthly_-23,5_-46,75_010191_300424",monthly,point,2020-11-30,-23.5,-46.75,prp,102.58,tmed,20.11,tmax,31.45,tmin,11.53,anom_prp,-45.34,anom_tmed,-0.71,anom_tmax,0.04,anom_tmin,-1.38
359,360,"era5_monthly_-23,5_-46,75_010191_300424",monthly,point,2020-12-31,-23.5,-46.75,prp,203.75,tmed,22.23,tmax,31.46,tmin,16.16,anom_prp,30.77,anom_tmed,0.06,anom_tmax,-0.03,anom_tmin,1.37
360,361,"era5_monthly_-23,5_-46,75_010191_300424",monthly,point,2021-01-31,-23.5,-46.75,prp,181.61,tmed,23.52,tmax,31.98,tmin,17.71,anom_prp,-43.8,anom_tmed,0.81,anom_tmax,0.35,anom_tmin,1.51
361,362,"era5_monthly_-23,5_-46,75_010191_300424",monthly,point,2021-02-28,-23.5,-46.75,prp,197.67,tmed,22.18,tmax,31.06,tmin,15.85,anom_prp,26.18,anom_tmed,-0.75,anom_tmax,-0.51,anom_tmin,-0.8
362,363,"era5_monthly_-23,5_-46,75_010191_300424",monthly,point,2021-03-31,-23.5,-46.75,prp,89.11,tmed,22.84,tmax,31.63,tmin,15.91,anom_prp,-54.48,anom_tmed,0.62,anom_tmax,0.49,anom_tmin,0.18
363,364,"era5_monthly_-23,5_-46,75_010191_300424",monthly,point,2021-04-30,-23.5,-46.75,prp,33.51,tmed,19.25,tmax,28.89,tmin,13.5,anom_prp,-30.38,anom_tmed,-1.44,anom_tmax,-0.75,anom_tmin,0.55
364,365,"era5_monthly_-23,5_-46,75_010191_300424",monthly,point,2021-05-31,-23.5,-46.75,prp,47.76,tmed,17.65,tmax,28.43,tmin,7.56,anom_prp,-13.64,anom_tmed,-0.36,anom_tmax,0.67,anom_tmin,-2.3
365,366,"era5_monthly_-23,5_-46,75_010191_300424",monthly,point,2021-06-30,-23.5,-46.75,prp,23.13,tmed,16.64,tmax,26.31,tmin,4.79,anom_prp,-24.08,anom_tmed,-0.45,anom_tmax,-0.28,anom_tmin,-3.41
366,367,"era5_monthly_-23,5_-46,75_010191_300424",monthly,point,2021-07-31,-23.5,-46.75,prp,21.94,tmed,14.93,tmax,27.93,tmin,2.16,anom_prp,-27.67,anom_tmed,-1.81,anom_tmax,0.61,anom_tmin,-5.46
367,368,"era5_monthly_-23,5_-46,75_010191_300424",monthly,point,2021-08-31,-23.5,-46.75,prp,42.06,tmed,18.08,tmax,31.63,tmin,8.53,anom_prp,1.7,anom_tmed,0.35,anom_tmax,1.66,anom_tmin,0.07
368,369,"era5_monthly_-23,5_-46,75_010191_300424",monthly,point,2021-09-30,-23.5,-46.75,prp,27.56,tmed,20.49,tmax,34.2,tmin,11.54,anom_prp,-59.34,anom_tmed,1.4,anom_tmax,1.94,anom_tmin,1.27
369,370,"era5_monthly_-23,5_-46,75_010191_300424",monthly,point,2021-10-31,-23.5,-46.75,prp,200.47,tmed,18.76,tmax,30.57,tmin,11.99,anom_prp,78.95,anom_tmed,-1.61,anom_tmax,-1.81,anom_tmin,-0.18
370,371,"era5_monthly_-23,5_-46,75_010191_300424",monthly,point,2021-11-30,-23.5,-46.75,prp,67.34,tmed,20.24,tmax,32.52,tmin,11.31,anom_prp,-80.58,anom_tmed,-0.57,anom_tmax,1.11,anom_tmin,-1.59
371,372,"era5_monthly_-23,5_-46,75_010191_300424",monthly,point,2021-12-31,-23.5,-46.75,prp,125.34,tmed,21.09,tmax,31.56,tmin,13.19,anom_prp,-47.64,anom_tmed,-1.07,anom_tmax,0.07,anom_tmin,-1.6
372,373,"era5_monthly_-23,5_-46,75_010191_300424",monthly,point,2022-01-31,-23.5,-46.75,prp,301.74,tmed,22.47,tmax,31.69,tmin,16.31,anom_prp,76.33,anom_tmed,-0.24,anom_tmax,0.06,anom_tmin,0.11
373,374,"era5_monthly_-23,5_-46,75_010191_300424",monthly,point,2022-02-28,-23.5,-46.75,prp,123.83,tmed,22.58,tmax,32.59,tmin,14.78,anom_prp,-47.67,anom_tmed,-0.36,anom_tmax,1.02,anom_tmin,-1.88
374,375,"era5_monthly_-23,5_-46,75_010191_300424",monthly,point,2022-03-31,-23.5,-46.75,prp,169.27,tmed,23.01,tmax,31.36,tmin,15.45,anom_prp,25.68,anom_tmed,0.79,anom_tmax,0.22,anom_tmin,-0.28
375,376,"era5_monthly_-23,5_-46,75_010191_300424",monthly,point,2022-04-30,-23.5,-46.75,prp,49.2,tmed,20.18,tmax,29.88,tmin,11.85,anom_prp,-14.69,anom_tmed,-0.51,anom_tmax,0.24,anom_tmin,-1.1
376,377,"era5_monthly_-23,5_-46,75_010191_300424",monthly,point,2022-05-31,-23.5,-46.75,prp,35.03,tmed,16.77,tmax,28.57,tmin,5.16,anom_prp,-26.36,anom_tmed,-1.24,anom_tmax,0.8,anom_tmin,-4.7
377,378,"era5_monthly_-23,5_-46,75_010191_300424",monthly,point,2022-06-30,-23.5,-46.75,prp,43.12,tmed,16.16,tmax,27.14,tmin,5.81,anom_prp,-4.09,anom_tmed,-0.93,anom_tmax,0.55,anom_tmin,-2.39
378,379,"era5_monthly_-23,5_-46,75_010191_300424",monthly,point,2022-07-31,-23.5,-46.75,prp,6.75,tmed,18.06,tmax,27.37,tmin,8.85,anom_prp,-42.85,anom_tmed,1.32,anom_tmax,0.05,anom_tmin,1.23
379,380,"era5_monthly_-23,5_-46,75_010191_300424",monthly,point,2022-08-31,-23.5,-46.75,prp,46.54,tmed,16.6,tmax,28.66,tmin,8.13,anom_prp,6.18,anom_tmed,-1.13,anom_tmax,-1.31,anom_tmin,-0.33
380,381,"era5_monthly_-23,5_-46,75_010191_300424",monthly,point,2022-09-30,-23.5,-46.75,prp,108.83,tmed,16.43,tmax,32.92,tmin,7.89,anom_prp,21.93,anom_tmed,-2.67,anom_tmax,0.66,anom_tmin,-2.37
381,382,"era5_monthly_-23,5_-46,75_010191_300424",monthly,point,2022-10-31,-23.5,-46.75,prp,130.84,tmed,20.27,tmax,32.16,tmin,13.77,anom_prp,9.33,anom_tmed,-0.1,anom_tmax,-0.22,anom_tmin,1.6
382,383,"era5_monthly_-23,5_-46,75_010191_300424",monthly,point,2022-11-30,-23.5,-46.75,prp,132.24,tmed,18.77,tmax,29.33,tmin,10.34,anom_prp,-15.68,anom_tmed,-2.05,anom_tmax,-2.08,anom_tmin,-2.56
383,384,"era5_monthly_-23,5_-46,75_010191_300424",monthly,point,2022-12-31,-23.5,-46.75,prp,192.04,tmed,21.11,tmax,31.78,tmin,14.3,anom_prp,19.05,anom_tmed,-1.06,anom_tmax,0.29,anom_tmin,-0.49
384,385,"era5_monthly_-23,5_-46,75_010191_300424",monthly,point,2023-01-31,-23.5,-46.75,prp,203.2,tmed,21.85,tmax,30.81,tmin,15.35,anom_prp,-22.21,anom_tmed,-0.85,anom_tmax,-0.82,anom_tmin,-0.85
385,386,"era5_monthly_-23,5_-46,75_010191_300424",monthly,point,2023-02-28,-23.5,-46.75,prp,280.29,tmed,22.54,tmax,29.75,tmin,16.91,anom_prp,108.8,anom_tmed,-0.39,anom_tmax,-1.82,anom_tmin,0.26
386,387,"era5_monthly_-23,5_-46,75_010191_300424",monthly,point,2023-03-31,-23.5,-46.75,prp,131.49,tmed,22.57,tmax,31.44,tmin,17.12,anom_prp,-12.1,anom_tmed,0.35,anom_tmax,0.3,anom_tmin,1.39
387,388,"era5_monthly_-23,5_-46,75_010191_300424",monthly,point,2023-04-30,-23.5,-46.75,prp,81.95,tmed,19.67,tmax,28.42,tmin,10.22,anom_prp,18.07,anom_tmed,-1.02,anom_tmax,-1.22,anom_tmin,-2.74
388,389,"era5_monthly_-23,5_-46,75_010191_300424",monthly,point,2023-05-31,-23.5,-46.75,prp,34.91,tmed,18.22,tmax,27.37,tmin,10.36,anom_prp,-26.49,anom_tmed,0.22,anom_tmax,-0.4,anom_tmin,0.5
389,390,"era5_monthly_-23,5_-46,75_010191_300424",monthly,point,2023-06-30,-23.5,-46.75,prp,37.19,tmed,16.67,tmax,27.14,tmin,7.98,anom_prp,-10.02,anom_tmed,-0.42,anom_tmax,0.55,anom_tmin,-0.23
390,391,"era5_monthly_-23,5_-46,75_010191_300424",monthly,point,2023-07-31,-23.5,-46.75,prp,21.19,tmed,17.08,tmax,27.37,tmin,8.64,anom_prp,-28.41,anom_tmed,0.33,anom_tmax,0.04,anom_tmin,1.03
391,392,"era5_monthly_-23,5_-46,75_010191_300424",monthly,point,2023-08-31,-23.5,-46.75,prp,44.44,tmed,18.88,tmax,32.74,tmin,10.86,anom_prp,4.08,anom_tmed,1.15,anom_tmax,2.77,anom_tmin,2.4
392,393,"era5_monthly_-23,5_-46,75_010191_300424",monthly,point,2023-09-30,-23.5,-46.75,prp,51.3,tmed,21.79,tmax,36.32,tmin,11.1,anom_prp,-35.6,anom_tmed,2.7,anom_tmax,4.06,anom_tmin,0.84
393,394,"era5_monthly_-23,5_-46,75_010191_300424",monthly,point,2023-10-31,-23.5,-46.75,prp,190.78,tmed,20.94,tmax,32.26,tmin,14.44,anom_prp,69.27,anom_tmed,0.56,anom_tmax,-0.12,anom_tmin,2.27
394,395,"era5_monthly_-23,5_-46,75_010191_300424",monthly,point,2023-11-30,-23.5,-46.75,prp,112.07,tmed,22.66,tmax,36.11,tmin,12.3,anom_prp,-35.86,anom_tmed,1.85,anom_tmax,4.7,anom_tmin,-0.6
395,396,"era5_monthly_-23,5_-46,75_010191_300424",monthly,point,2023-12-31,-23.5,-46.75,prp,57.03,tmed,23.46,tmax,33.76,tmin,15.47,anom_prp,-115.96,anom_tmed,1.29,anom_tmax,2.27,anom_tmin,0.68
396,397,"era5_monthly_-23,5_-46,75_010191_300424",monthly,point,2024-01-31,-23.5,-46.75,prp,93.13,tmed,22.6,tmax,32.5,tmin,18.2,anom_prp,-132.28,anom_tmed,-0.11,anom_tmax,0.87,anom_tmin,1.99
397,398,"era5_monthly_-23,5_-46,75_010191_300424",monthly,point,2024-02-29,-23.5,-46.75,prp,78.09,tmed,23.16,tmax,32.48,tmin,20.28,anom_prp,-93.41,anom_tmed,0.22,anom_tmax,0.91,anom_tmin,3.62
398,399,"era5_monthly_-23,5_-46,75_010191_300424",monthly,point,2024-03-31,-23.5,-46.75,prp,89.98,tmed,22.88,tmax,32.67,tmin,18.0,anom_prp,-53.61,anom_tmed,0.66,anom_tmax,1.52,anom_tmin,2.27
399,400,"era5_monthly_-23,5_-46,75_010191_300424",monthly,point,2024-04-30,-23.5,-46.75,prp,24.11,tmed,21.98,tmax,30.87,tmin,16.87,anom_prp,-39.78,anom_tmed,1.28,anom_tmax,1.23,anom_tmin,3.92
